-- MySQL dump 10.13  Distrib 5.7.25, for Linux (x86_64)
--
-- Host: localhost    Database: TradeCompany
-- ------------------------------------------------------
-- Server version	5.7.25-0ubuntu0.16.04.2

/*!40101 SET @OLD_CHARACTER_SET_CLIENT=@@CHARACTER_SET_CLIENT */;
/*!40101 SET @OLD_CHARACTER_SET_RESULTS=@@CHARACTER_SET_RESULTS */;
/*!40101 SET @OLD_COLLATION_CONNECTION=@@COLLATION_CONNECTION */;
/*!40101 SET NAMES utf8 */;
/*!40103 SET @OLD_TIME_ZONE=@@TIME_ZONE */;
/*!40103 SET TIME_ZONE='+00:00' */;
/*!40014 SET @OLD_UNIQUE_CHECKS=@@UNIQUE_CHECKS, UNIQUE_CHECKS=0 */;
/*!40014 SET @OLD_FOREIGN_KEY_CHECKS=@@FOREIGN_KEY_CHECKS, FOREIGN_KEY_CHECKS=0 */;
/*!40101 SET @OLD_SQL_MODE=@@SQL_MODE, SQL_MODE='NO_AUTO_VALUE_ON_ZERO' */;
/*!40111 SET @OLD_SQL_NOTES=@@SQL_NOTES, SQL_NOTES=0 */;

--
-- Table structure for table `departments`
--

DROP TABLE IF EXISTS `departments`;
/*!40101 SET @saved_cs_client     = @@character_set_client */;
/*!40101 SET character_set_client = utf8 */;
CREATE TABLE `departments` (
  `Id` int(11) NOT NULL AUTO_INCREMENT,
  `departmentName` varchar(60) NOT NULL,
  `chiefId` int(11) DEFAULT NULL,
  PRIMARY KEY (`Id`),
  UNIQUE KEY `departmentName` (`departmentName`),
  UNIQUE KEY `chiefId` (`chiefId`)
) ENGINE=InnoDB AUTO_INCREMENT=14 DEFAULT CHARSET=utf8;
/*!40101 SET character_set_client = @saved_cs_client */;

--
-- Dumping data for table `departments`
--

LOCK TABLES `departments` WRITE;
/*!40000 ALTER TABLE `departments` DISABLE KEYS */;
INSERT INTO `departments` VALUES (1,'Дирекция',903),(2,'Активные продажи. Поиск новых Клиентов',241),(3,'Торговля оптом, \"под заказ\" и в розницу со склада',153),(4,'Отдел торговых представителей',345),(5,'Розничный магазин. Торговый зал',655),(6,'Отдел маркетинга и рекламы',745),(7,'Закупка',882),(8,'Транспорт/логистика',1471),(9,'Склад',622),(10,'Бухгалтерия',923),(11,'Отдел персонала',177),(12,'IT-отдел',1156),(13,'Офисное хозяйство/секретариат',1455);
/*!40000 ALTER TABLE `departments` ENABLE KEYS */;
UNLOCK TABLES;

--
-- Table structure for table `personnels`
--

DROP TABLE IF EXISTS `personnels`;
/*!40101 SET @saved_cs_client     = @@character_set_client */;
/*!40101 SET character_set_client = utf8 */;
CREATE TABLE `personnels` (
  `Id` int(11) NOT NULL AUTO_INCREMENT,
  `birthDate` date NOT NULL,
  `gender` char(1) DEFAULT 'M',
  `surname` varchar(30) DEFAULT NULL,
  `name` varchar(30) DEFAULT NULL,
  `patronymic` varchar(30) DEFAULT NULL,
  `departmentId` int(11) DEFAULT NULL,
  PRIMARY KEY (`Id`)
) ENGINE=InnoDB AUTO_INCREMENT=1501 DEFAULT CHARSET=utf8;
/*!40101 SET character_set_client = @saved_cs_client */;

--
-- Dumping data for table `personnels`
--

LOCK TABLES `personnels` WRITE;
/*!40000 ALTER TABLE `personnels` DISABLE KEYS */;
INSERT INTO `personnels` VALUES (1,'1982-02-15','W','Макеева','Василиса','Несторовна',12),(2,'1985-07-04','M','Петухов','Борис','Даниилович',9),(3,'1992-07-27','M','Морозов','Виктор','Сильвестровия',3),(4,'1982-05-16','W','Антонова','Октябрина','Трофимовна',4),(5,'1991-01-21','W','Воробьева','Злата','Платоновна',9),(6,'1993-03-19','W','Воронцова','Агафья','Трофимовна',2),(7,'1990-01-06','W','Архипова','Наталья','Игнатиевна',5),(8,'1982-04-08','M','Коршунов','Нестор','Анфимович',8),(9,'1979-07-06','M','Колесников','Куприян','Кириллович',10),(10,'1989-01-17','W','Агафонова','Пелагея','Архипповна',1),(11,'1982-03-01','M','Гончаров','Анатолий','Георгиевич',10),(12,'1996-02-05','W','Львова','Алла','Федосеевна',7),(13,'1988-04-04','W','Данилова','Кира','Ираклиевна',3),(14,'1989-11-23','M','Рогов','Геннадий','Всеволодович',10),(15,'1994-04-23','W','Крючкова','Раиса','Трофимовна',12),(16,'1987-06-20','M','Лосев','Архипп','Аристархович',7),(17,'1992-05-14','M','Терехов','Александр','Еремеевич',12),(18,'1988-06-22','W','Игнатова','Кира','Мстиславовна',5),(19,'1983-04-17','M','Мартынов','Александр','Варламович',2),(20,'1992-11-06','M','Плотников','Степан','Тимофеевич',7),(21,'1983-03-05','W','Зубкова','Ольга','Романовна',10),(22,'1984-03-02','W','Давыдова','Алевтина','Агафоновна',11),(23,'1992-02-26','W','Дружинина','Злата','Андреевна',11),(24,'1986-11-10','W','Калугина','Татьяна','Григориевна',6),(25,'1987-08-07','M','Некрасов','Викентий','Владимирович',11),(26,'1986-07-17','W','Майорова','Полина','Венедиктовна',7),(27,'1997-06-11','W','Муратова','Полина','Владимировна',4),(28,'1998-02-23','M','Яковлев','Галактион','Жданович',13),(29,'1988-10-26','M','Фомичев','Агафон','Русланович',7),(30,'1987-05-07','M','Владимиров','Родион','Романович',8),(31,'1995-02-20','W','Тарасова','Ульяна','Валерьевна',12),(32,'1997-08-30','W','Майорова','Маргарита','Куприяновна',7),(33,'1990-02-21','M','Уткин','Корнилий','Исидорович',5),(34,'1997-06-22','W','Дьякова','Марина','Федосеевна',1),(35,'1983-01-26','W','Богданова','Пинна','Самуиловна',3),(36,'1981-04-28','W','Савельева','Раиса','Ираклиевна',8),(37,'1991-04-01','M','Фетисов','Филат','Альвианович',10),(38,'1992-05-11','W','Хомякова','Тамара','Кимовна',12),(39,'1987-12-07','W','Белкина','Каролина','Емельяновна',5),(40,'1982-09-05','W','Романова','Вера','Яковлевна',5),(41,'1979-03-08','M','Рябов','Матвей','Семёнович',10),(42,'1983-04-15','M','Казаков','Авдей','Глебович',2),(43,'1988-08-13','M','Шишкин','Сергей','Корнилиевич',5),(44,'1992-10-18','M','Сергеев','Тихон','Никонович',7),(45,'1979-01-04','W','Антипова','Пинна','Сергеевна',13),(46,'1987-08-25','W','Куприянова','Тамара','Ефимовна',12),(47,'1997-08-11','W','Сальникова','Василиса','Кузьминична',4),(48,'1992-03-30','W','Белякова','Пинна','Кимовна',7),(49,'1987-08-26','M','Блинов','Максим','Фомич',12),(50,'1985-08-25','M','Голубев','Зиновий','Никонович',2),(51,'1993-04-13','W','Сазонова','Дарья','Феоктистовна',1),(52,'1982-10-12','W','Глушкова','Вероника','Юрьевна',8),(53,'1988-07-25','M','Некрасов','Илья','Иннокентиевич',8),(54,'1979-01-14','W','Комарова','Галина','Прохоровна',10),(55,'1984-07-15','W','Парфенова','Анжелика','Антониновна',4),(56,'1978-06-26','M','Егоров','Агафон','Викторович',5),(57,'1992-02-10','M','Постников','Гордей','Даниилович',11),(58,'1996-03-11','W','Зиновьева','София','Иринеевна',3),(59,'1994-01-09','M','Белоусов','Николай','Сильвестровия',10),(60,'1993-08-12','W','Басова','Зоя','Фёдоровна',1),(61,'1986-01-22','W','Савицкая','Клавдия','Демидовна',6),(62,'1986-01-29','W','Руднева','Анна','Альвиановна',6),(63,'1985-12-21','M','Михайлов','Андрей','Валентинович',4),(64,'1993-10-10','W','Алешина','Злата','Степановна',4),(65,'1996-11-09','W','Сизова','Валерия','Семёновна',6),(66,'1979-11-09','W','Казакова','Нина','Иннокентиевна',1),(67,'1995-06-12','M','Терехов','Афанасий','Артёмович',2),(68,'1997-11-25','W','Савицкая','Целестина','Куприяновна',5),(69,'1988-11-16','W','Климова','Римма','Витальевна',2),(70,'1985-03-01','M','Ефимов','Мстислав','Геласиевич',3),(71,'1986-09-20','W','Фокина','Любовь','Тимофеевна',1),(72,'1991-06-02','M','Усов','Емельян','Ефимович',12),(73,'1981-10-03','M','Парфенов','Трифон','Никитич',12),(74,'1989-06-16','W','Кондратьева','Марина','Анатольевна',6),(75,'1989-10-04','W','Еремина','Матрёна','Авдеевна',13),(76,'1993-08-27','W','Кузьмина','Марина','Яковлевна',2),(77,'1997-03-20','M','Пахомов','Семён','Артёмович',13),(78,'1995-04-26','W','Маслова','Юлия','Исидоровна',13),(79,'1985-10-08','M','Ефремов','Архипп','Иннокентиевич',10),(80,'1996-06-07','W','Жукова','Евфросиния','Филатовна',1),(81,'1983-01-19','W','Евсеева','Варвара','Константиновна',2),(82,'1993-01-06','M','Васильев','Зиновий','Романович',4),(83,'1997-01-17','M','Калугин','Ириней','Вадимович',4),(84,'1993-12-04','M','Медведев','Кирилл','Евгениевич',13),(85,'1990-01-05','M','Попов','Прохор','Еремеевич',2),(86,'1991-08-09','M','Львов','Мартын','Глебович',11),(87,'1985-02-13','M','Носов','Эраст','Федосеевич',13),(88,'1992-04-11','M','Соловьев','Филат','Харитонович',3),(89,'1994-06-22','M','Королев','Касьян','Андреевич',5),(90,'1982-03-03','W','Коршунова','Клавдия','Валерьевна',1),(91,'1978-10-25','M','Сорокин','Аркадий','Аристархович',10),(92,'1991-06-04','M','Злобин','Климент','Мирославович',9),(93,'1986-06-19','M','Грибов','Виссарион','Добрыньевич',2),(94,'1985-07-26','W','Алексеева','Карина','Лаврентиевна',10),(95,'1979-09-12','W','Орехова','Маргарита','Филатовна',5),(96,'1996-03-26','W','Успенская','Любовь','Гавриловна',8),(97,'1990-10-02','W','Москвина','Глафира','Вениаминовна',8),(98,'1980-08-01','M','Горбунов','Нестор','Тарасович',13),(99,'1990-01-26','M','Корчагин','Анатолий','Авдеевич',3),(100,'1997-09-18','M','Селиванов','Марк','Архиппович',9),(101,'1986-06-08','W','Зеленина','Светлана','Харитоновна',12),(102,'1987-12-19','M','Бессонов','Филат','Иванович',8),(103,'1988-03-17','M','Костин','Анфим','Степанович',3),(104,'1979-08-19','M','Нечаев','Виссарион','Платонович',12),(105,'1985-02-03','M','Морозов','Игнатий','Аристархович',2),(106,'1978-11-28','M','Губанов','Дорофей','Русланович',10),(107,'1992-07-09','W','Александрова','Таисия','Гордеевна',13),(108,'1982-10-21','M','Головин','Эдуард','Николаевич',1),(109,'1988-11-01','M','Митрофанов','Никифор','Жданович',8),(110,'1992-09-10','W','Субботина','Клавдия','Антоновна',13),(111,'1997-03-06','M','Бычков','Варфоломей','Трифонович',11),(112,'1981-01-13','W','Ильинская','Марфа','Тарасовна',9),(113,'1997-04-05','W','Комарова','Дана','Спиридоновна',4),(114,'1992-02-20','W','Шапошникова','Ирина','Мстиславовна',13),(115,'1983-12-20','W','Швецова','Лидия','Митрофановна',8),(116,'1980-06-05','M','Воронков','Леонтий','Атольевич',5),(117,'1995-03-10','W','Румянцева','Акулина','Петровна',7),(118,'1990-07-09','M','Тимофеев','Вячеслав','Германович',2),(119,'1988-12-18','W','Дроздова','Нина','Никитична',6),(120,'1986-02-16','W','Ершова','Акулина','Петровна',5),(121,'1994-11-17','W','Попова','Лидия','Самуиловна',2),(122,'1996-05-29','M','Дорохов','Харитон','Касьянович',1),(123,'1978-04-16','W','Фирсова','Вероника','Несторовна',9),(124,'1979-02-22','W','Плотникова','Лада','Ждановна',6),(125,'1989-04-07','M','Завьялов','Эраст','Ярославович',4),(126,'1994-11-19','W','Корнева','Глафира','Трофимовна',4),(127,'1978-12-28','W','Большакова','Алина','Ростиславовна',2),(128,'1978-12-02','W','Борисова','Александра','Венедиктовна',5),(129,'1990-12-19','M','Долгов','Ростислав','Матвеевич',2),(130,'1992-12-17','W','Беспалова','Матрёна','Родионовна',6),(131,'1980-05-14','M','Кулешов','Трифон','Куприянович',6),(132,'1979-01-09','M','Павловский','Ярослав','Виссарионович',1),(133,'1981-07-14','M','Измайлов','Роман','Арсеньевич',4),(134,'1982-12-27','W','Колпакова','Иоанна','Геннадиевна',2),(135,'1978-07-14','M','Ефимов','Еремей','Антонович',1),(136,'1994-08-01','M','Русаков','Лаврентий','Алексеевич',2),(137,'1987-12-07','W','Муратова','Юлия','Дорофеевна',2),(138,'1984-12-18','M','Царев','Олег','Харитонович',3),(139,'1994-08-11','M','Рожков','Юлиан','Гордеевич',11),(140,'1990-02-26','M','Зиновьев','Василий','Федосеевич',6),(141,'1995-10-05','W','Широкова','Лада','Христофоровна',11),(142,'1984-08-13','W','Озерова','Лилия','Максимовна',1),(143,'1990-06-14','M','Марков','Максим','Юрьевич',13),(144,'1992-03-31','M','Васильев','Леонтий','Аверкиевич',1),(145,'1981-04-16','W','Калугина','Агафья','Ждановна',6),(146,'1980-06-20','M','Шевелев','Виссарион','Романович',6),(147,'1990-05-25','W','Панфилова','Пинна','Макаровна',6),(148,'1991-03-01','W','Калачева','Елена','Макаровна',2),(149,'1979-02-01','W','Козырева','Инесса','Артемовна',4),(150,'1985-04-09','W','Позднякова','Анна','Никаноровна',1),(151,'1996-12-07','W','Зуева','Татьяна','Валерьевна',2),(152,'1983-07-01','M','Усов','Артём','Гордеевич',2),(153,'1989-07-25','M','Осипов','Венедикт','Фёдорович',3),(154,'1990-01-17','W','Калугина','Яна','Егоровна',8),(155,'1983-01-28','M','Успенский','Сильвестр','Гаврилович',6),(156,'1978-09-30','W','Сотникова','Инна','Тихоновна',5),(157,'1981-11-26','M','Голубев','Фаддей','Виссарионович',2),(158,'1978-05-21','M','Грачев','Даниил','Филатович',9),(159,'1994-08-28','W','Муратова','Анна','Геласиевна',7),(160,'1983-10-05','M','Носов','Спиридон','Владленович',1),(161,'1985-10-20','M','Горбачев','Роман','Макарович',6),(162,'1982-06-23','W','Киреева','Снежана','Емельяновна',9),(163,'1991-01-10','M','Акимов','Алексей','Тимофеевич',12),(164,'1989-08-27','M','Уткин','Михаил','Родионович',9),(165,'1991-08-01','W','Потапова','Фаина','Витальевна',10),(166,'1992-05-15','W','Кочетова','Валентина','Прохоровна',10),(167,'1985-05-05','W','Фомичева','Анжелика','Мартыновна',1),(168,'1981-07-25','W','Семина','Серафима','Варфоломеевна',9),(169,'1986-10-30','W','Кондрашова','София','Артуровна',11),(170,'1991-11-27','M','Золотарев','Христофор','Тихонович',9),(171,'1993-12-02','W','Басова','Нонна','Донатовна',13),(172,'1994-09-12','W','Суворова','Ираида','Германовна',11),(173,'1988-07-29','W','Носкова','Валентина','Андреевна',4),(174,'1981-02-24','W','Швецова','Матрёна','Митрофановна',11),(175,'1993-04-30','W','Горохова','Ермиония','Иулиановна',8),(176,'1996-05-23','M','Рябинин','Евдоким','Мартынович',2),(177,'1996-08-19','M','Бородин','Родион','Яковлевич',11),(178,'1992-05-27','W','Ушакова','Вера','Сергеевна',7),(179,'1978-12-16','M','Стариков','Герман','Варламович',2),(180,'1990-11-12','M','Морозов','Степан','Виссарионович',10),(181,'1980-05-15','M','Тихомиров','Арсений','Власович',13),(182,'1996-07-08','M','Гущин','Кузьма','Святославович',10),(183,'1996-05-24','M','Трофимов','Евгений','Кимович',7),(184,'1987-03-19','W','Кочеткова','Елизавета','Дорофеевна',7),(185,'1986-07-13','W','Синицына','Ярослава','Ростиславовна',7),(186,'1985-07-23','W','Голубева','Алевтина','Егоровна',11),(187,'1994-01-24','M','Белоусов','Вадим','Антонович',1),(188,'1981-02-04','W','Черкасова','Дарья','Викентиевна',5),(189,'1982-07-07','M','Чесноков','Феликс','Куприянович',4),(190,'1992-02-13','M','Дегтярев','Никита','Трифонович',11),(191,'1984-11-29','W','Демина','Феврония','Харитоновна',8),(192,'1983-03-31','M','Терентьев','Глеб','Афанасьевич',13),(193,'1991-04-20','W','Чернышева','Евгения','Руслановна',1),(194,'1988-07-21','W','Глебова','Наталья','Никитична',8),(195,'1987-11-24','W','Яшина','Анжелика','Гавриловна',5),(196,'1990-09-28','M','Киреев','Святослав','Ярославович',5),(197,'1989-10-24','M','Романов','Иннокентий','Дорофеевич',6),(198,'1983-05-21','W','Колесникова','Лилия','Степановна',12),(199,'1995-06-25','M','Румянцев','Аристарх','Добрыньевич',6),(200,'1996-10-09','M','Румянцев','Антонин','Кузьмич',10),(201,'1995-09-07','W','Дорофеева','Карина','Севастьяновна',10),(202,'1983-06-06','W','Котова','Светлана','Вадимовна',4),(203,'1985-01-12','W','Коршунова','Елена','Донатовна',2),(204,'1993-08-09','M','Розанов','Богдан','Тимофеевич',10),(205,'1992-01-08','M','Киселев','Антонин','Романович',1),(206,'1979-07-30','W','Суханова','Алла','Арсеньевна',3),(207,'1991-05-28','W','Щербакова','Тамара','Лаврентиевна',9),(208,'1981-06-10','M','Безруков','Ефим','Эрастович',7),(209,'1995-05-31','M','Черных','Владлен','Евсеевич',4),(210,'1997-08-03','M','Гуров','Владислав','Яковлевич',5),(211,'1986-06-13','W','Зыкова','Ульяна','Исидоровна',13),(212,'1986-07-12','W','Парфенова','Ермиония','Гавриловна',1),(213,'1994-11-26','M','Тарасов','Платон','Аркадиевич',3),(214,'1996-06-02','M','Шапошников','Герман','Никитич',12),(215,'1991-06-28','M','Сахаров','Платон','Виссарионович',7),(216,'1991-12-14','M','Шапошников','Кирилл','Михайлович',1),(217,'1988-11-25','M','Вдовин','Валерьян','Артёмович',2),(218,'1998-02-14','M','Мешков','Кузьма','Эдуардович',7),(219,'1980-01-19','W','Черкасова','Маргарита','Вениаминовна',8),(220,'1997-10-13','W','Львова','Светлана','Родионовна',10),(221,'1992-02-08','M','Васильев','Антон','Христофорович',7),(222,'1996-09-11','W','Суслова','Ульяна','Андреевна',7),(223,'1995-04-19','W','Малышева','Тамара','Исидоровна',4),(224,'1997-06-04','M','Дружинин','Агафон','Викентиевич',4),(225,'1985-06-06','M','Рябинин','Геннадий','Викторович',12),(226,'1985-09-02','M','Петров','Евсей','Никонович',12),(227,'1985-03-13','M','Павловский','Станислав','Галактионович',13),(228,'1995-01-21','M','Ульянов','Егор','Степанович',2),(229,'1992-12-19','W','Антонова','Лилия','Ефимовна',7),(230,'1979-07-31','M','Зотов','Фома','Маркович',3),(231,'1992-08-22','W','Спиридонова','Зоя','Феликсовна',4),(232,'1995-11-21','M','Зверев','Антонин','Максимович',6),(233,'1985-04-21','M','Никольский','Леонид','Евграфович',1),(234,'1997-12-21','M','Никонов','Юрий','Венедиктович',11),(235,'1985-02-09','W','Капустина','Марина','Данииловна',7),(236,'1990-08-25','W','Калугина','Ия','Потаповна',3),(237,'1991-08-14','M','Лапшин','Руслан','Зиновиевич',1),(238,'1982-03-10','M','Пастухов','Федот','Куприянович',1),(239,'1986-04-06','W','Сомова','Анна','Кузьминична',12),(240,'1985-07-29','W','Вишневская','Лилия','Константиновна',5),(241,'1990-01-06','M','Дроздов','Георгий','Григориевич',2),(242,'1987-12-10','W','Лукьянова','Евпраксия','Кирилловна',8),(243,'1994-08-26','W','Вавилова','Пинна','Антоновна',3),(244,'1991-08-09','W','Моргунова','Фаина','Мирославовна',10),(245,'1978-03-29','M','Малинин','Емельян','Кимович',8),(246,'1989-11-20','M','Безруков','Архипп','Дорофеевич',13),(247,'1984-10-28','M','Артамонов','Святослав','Аверкиевич',3),(248,'1985-10-09','M','Исаев','Валерий','Святославович',9),(249,'1996-02-17','W','Давыдова','Мирослава','Юлиановна',9),(250,'1985-06-19','W','Ушакова','Глафира','Тимофеевна',2),(251,'1990-02-22','W','Царева','Елизавета','Леонидовна',11),(252,'1978-07-26','W','Щукина','Ольга','Данииловна',13),(253,'1996-07-17','M','Тимофеев','Зиновий','Олегович',3),(254,'1988-10-29','M','Ширяев','Герман','Владимирович',1),(255,'1988-09-08','W','Савицкая','Октябрина','Алексеевна',11),(256,'1990-06-11','M','Елисеев','Вениамин','Тихонович',1),(257,'1979-12-28','W','Афанасьева','Фаина','Святославовна',9),(258,'1991-01-03','M','Воробьев','Михаил','Фёдорович',10),(259,'1986-06-23','W','Дмитриева','Римма','Герасимовна',4),(260,'1988-02-05','M','Казаков','Алексей','Митрофанович',13),(261,'1980-11-19','M','Фомичев','Анатолий','Петрович',2),(262,'1991-12-03','W','Толкачева','Ангелина','Борисовна',1),(263,'1990-02-23','W','Березина','Мирослава','Марковна',3),(264,'1991-08-18','M','Круглов','Ростислав','Спиридонович',5),(265,'1982-07-02','M','Рубцов','Трофим','Герасимович',11),(266,'1985-04-15','W','Карасева','Надежда','Трофимовна',5),(267,'1990-02-27','W','Николаева','Наталья','Ярославовна',13),(268,'1984-02-20','M','Павловский','Филипп','Тихонович',7),(269,'1995-03-07','W','Нефедова','Людмила','Львовна',1),(270,'1997-08-02','W','Юдина','Злата','Игоревна',9),(271,'1994-03-18','M','Авдеев','Демид','Витальевич',10),(272,'1985-06-09','M','Блинов','Филат','Леонидович',11),(273,'1978-06-24','W','Гуляева','Злата','Дмитриевна',7),(274,'1981-11-04','M','Чижов','Еремей','Кондратьевич',8),(275,'1988-04-05','M','Симонов','Эдуард','Тимофеевич',8),(276,'1997-08-12','W','Логинова','Елизавета','Артемовна',3),(277,'1988-04-11','M','Молчанов','Исидор','Варфоломеевич',4),(278,'1989-05-20','W','Агафонова','Татьяна','Анатольевна',8),(279,'1984-05-02','M','Тимофеев','Александр','Тимурович',4),(280,'1993-11-29','W','Козлова','Светлана','Артуровна',9),(281,'1993-05-06','W','Серова','Зоя','Еремеевна',5),(282,'1984-09-13','M','Комиссаров','Ростислав','Леонтиевич',13),(283,'1985-03-13','W','Бабушкина','Ангелина','Севастьяновна',5),(284,'1989-06-27','M','Грибов','Викентий','Галактионович',10),(285,'1988-04-25','M','Логинов','Альберт','Кириллович',10),(286,'1992-01-01','W','Мещерякова','Лилия','Прохоровна',10),(287,'1988-11-25','M','Зверев','Игорь','Артёмович',12),(288,'1998-01-30','W','Агеева','Вероника','Владиславовна',8),(289,'1995-04-08','W','Куприянова','Варвара','Трофимовна',4),(290,'1990-12-04','W','Долгова','Ксения','Алексеевна',6),(291,'1980-06-17','M','Елизаров','Савелий','Кимович',5),(292,'1990-03-19','M','Коновалов','Сергей','Дмитриевич',5),(293,'1991-09-13','M','Наумов','Корнилий','Яковлевич',9),(294,'1979-06-04','M','Семенов','Потап','Всеволодович',4),(295,'1978-12-11','M','Горелов','Филат','Валентинович',8),(296,'1993-05-12','M','Бочаров','Герасим','Евсеевич',9),(297,'1984-01-01','M','Софронов','Демьян','Валерьянович',3),(298,'1984-04-22','W','Пастухова','Лада','Лаврентиевна',2),(299,'1983-05-06','W','Русакова','Лада','Евгениевна',9),(300,'1993-12-13','M','Шубин','Иулиан','Ираклиевич',12),(301,'1987-05-08','W','Бочарова','София','Куприяновна',3),(302,'1992-09-09','M','Евдокимов','Куприян','Севастьянович',1),(303,'1992-05-04','M','Лаврентьев','Ждан','Фомич',8),(304,'1994-07-21','W','Киреева','Светлана','Филипповна',6),(305,'1978-11-06','M','Кочетков','Зиновий','Мстиславович',1),(306,'1983-03-22','M','Старостин','Герасим','Юрьевич',12),(307,'1987-08-03','W','Кожевникова','Ульяна','Феликсовна',1),(308,'1989-03-19','W','Дмитриева','Ираида','Донатовна',8),(309,'1985-04-13','M','Сергеев','Геннадий','Мстиславович',5),(310,'1981-07-10','W','Одинцова','Фёкла','Аверкиевна',6),(311,'1991-06-03','W','Степанова','Ульяна','Валерьевна',5),(312,'1979-11-19','W','Панкратова','Алевтина','Геласиевна',4),(313,'1994-03-30','W','Дружинина','Василиса','Анфимовна',12),(314,'1987-11-30','W','Волкова','Светлана','Ефимовна',11),(315,'1985-10-11','W','Барсукова','Каролина','Германовна',10),(316,'1991-03-18','M','Горюнов','Семён','Галактионович',9),(317,'1985-09-03','W','Мартынова','Нина','Ивановна',6),(318,'1983-03-22','M','Егоров','Владислав','Лаврентиевич',1),(319,'1986-12-16','W','Усова','Дана','Ждановна',8),(320,'1997-01-20','W','Постникова','Инна','Ростиславовна',12),(321,'1986-03-20','M','Лапшин','Тихон','Анфимович',10),(322,'1991-10-20','M','Серебряков','Гавриил','Германович',4),(323,'1990-04-24','M','Вишневский','Леонтий','Варфоломеевич',13),(324,'1997-11-03','M','Басов','Александр','Денисович',10),(325,'1997-06-14','W','Кондратьева','Анжелика','Никаноровна',3),(326,'1986-02-07','W','Грекова','Акулина','Феликсовна',9),(327,'1994-12-22','M','Нечаев','Назар','Мартынович',5),(328,'1984-06-04','M','Щеглов','Яков','Никитич',3),(329,'1981-09-25','W','Калачева','Рада','Емельяновна',6),(330,'1987-05-03','M','Григорьев','Богдан','Ефимович',3),(331,'1986-09-22','W','Глушкова','Прасковья','Донатовна',3),(332,'1991-03-21','M','Лыков','Феликс','Мирославович',2),(333,'1985-07-27','W','Федорова','Нина','Гордеевна',7),(334,'1988-07-04','M','Ермилов','Станислав','Викторович',12),(335,'1985-08-26','M','Горбачев','Афанасий','Кондратьевич',11),(336,'1989-03-07','W','Воронкова','Жанна','Альбертовна',6),(337,'1989-08-18','M','Коротков','Лаврентий','Назарович',9),(338,'1983-01-30','W','Ермолова','Анжелика','Севастьяновна',10),(339,'1979-09-28','M','Семин','Авдей','Иннокентиевич',4),(340,'1988-09-28','W','Кочетова','Алевтина','Герасимовна',3),(341,'1989-09-21','M','Окулов','Агафон','Фёдорович',3),(342,'1983-08-28','M','Суворов','Мартын','Кириллович',11),(343,'1995-12-28','M','Яшин','Никифор','Федосеевич',2),(344,'1982-01-29','W','Фетисова','Светлана','Альвиановна',9),(345,'1990-07-15','M','Туманов','Лаврентий','Вячеславович',4),(346,'1982-09-12','M','Терехов','Святослав','Евсеевич',8),(347,'1980-06-08','W','Сотникова','Агриппина','Леонидовна',13),(348,'1993-02-09','W','Грекова','Василиса','Павловна',5),(349,'1980-08-02','M','Курочкин','Аверкий','Георгиевич',5),(350,'1983-03-01','M','Филиппов','Влас','Виссарионович',3),(351,'1987-12-05','M','Назаров','Эраст','Иулианович',7),(352,'1997-09-30','W','Воробьева','Нонна','Альвиановна',2),(353,'1990-11-22','M','Титов','Герман','Варфоломеевич',6),(354,'1978-05-11','M','Горлов','Анатолий','Глебович',2),(355,'1991-05-31','W','Русакова','Инесса','Федосеевна',7),(356,'1989-10-16','W','Горлова','Нина','Власовна',12),(357,'1989-07-13','M','Рыбаков','Федот','Николаевич',7),(358,'1984-10-01','M','Шульгин','Матвей','Леонтиевич',5),(359,'1988-08-21','M','Лукин','Фёдор','Мартынович',13),(360,'1995-02-03','W','Данилова','Епистима','Станиславовна',3),(361,'1981-06-10','W','Алехина','Елена','Игнатиевна',3),(362,'1981-06-06','M','Соболев','Исидор','Евсеевич',7),(363,'1991-12-27','M','Казаков','Потап','Владимирович',12),(364,'1987-05-22','W','Окулова','Яна','Ираклиевна',2),(365,'1997-09-30','M','Прокофьев','Григорий','Христофорович',3),(366,'1985-04-25','W','Белоусова','Карина','Леонидовна',8),(367,'1995-05-26','M','Терентьев','Борис','Яковлевич',7),(368,'1987-09-12','W','Кулешова','Полина','Сильвестровна',1),(369,'1979-03-20','M','Черный','Потап','Всеволодович',11),(370,'1980-03-18','M','Серебряков','Фаддей','Игоревич',3),(371,'1998-02-27','M','Столяров','Никита','Гаврилович',9),(372,'1989-12-08','M','Козловский','Вадим','Ефимович',6),(373,'1991-08-18','W','Токарева','Матрёна','Тарасовна',6),(374,'1989-01-22','W','Комиссарова','Ярослава','Геннадиевна',11),(375,'1995-09-16','W','Антонова','Марина','Фаддеевна',11),(376,'1993-11-02','M','Латышев','Илья','Семёнович',11),(377,'1990-04-06','W','Лаптева','Агафья','Никаноровна',6),(378,'1979-10-04','W','Рябинина','Анжела','Власовна',13),(379,'1981-07-19','M','Кузьмин','Роман','Иринеевич',7),(380,'1979-06-03','M','Евсеев','Роман','Эрастович',9),(381,'1983-08-12','M','Уваров','Иннокентий','Герасимович',9),(382,'1983-01-10','W','Сотникова','Анжела','Донатовна',10),(383,'1988-09-19','W','Звягинцева','Лариса','Гавриловна',8),(384,'1989-03-03','M','Зорин','Еремей','Севастьянович',6),(385,'1990-12-17','W','Колпакова','Яна','Христофоровна',2),(386,'1982-07-29','M','Бабушкин','Зиновий','Тарасович',5),(387,'1987-03-12','M','Колпаков','Денис','Никанорович',6),(388,'1996-01-30','W','Шмелева','Октябрина','Тимофеевна',1),(389,'1987-04-03','W','Астахова','Глафира','Арсеньевна',11),(390,'1978-09-14','W','Колесова','Антонина','Демьяновна',8),(391,'1986-03-27','W','Шевелева','Наталья','Сильвестровна',8),(392,'1997-08-04','W','Черняева','Ксения','Ираклиевна',11),(393,'1992-05-26','M','Кулаков','Венедикт','Игнатиевич',3),(394,'1986-04-08','M','Кравцов','Вячеслав','Витальевич',7),(395,'1994-07-30','W','Козырева','Ирина','Валерьевна',5),(396,'1982-03-12','W','Царева','Анжела','Касьяновна',6),(397,'1991-07-09','W','Исакова','Евфросиния','Емельяновна',3),(398,'1988-05-12','W','Калачева','Евгения','Вадимовна',9),(399,'1990-02-05','W','Алешина','Алла','Геласиевна',8),(400,'1996-07-11','W','Вдовина','Галина','Варфоломеевна',8),(401,'1980-11-27','M','Королев','Самуил','Вадимович',3),(402,'1988-01-15','W','Пономарева','Инна','Егоровна',6),(403,'1979-10-12','W','Панина','Клавдия','Матвеевна',11),(404,'1991-01-24','M','Беляев','Степан','Денисович',3),(405,'1987-09-04','W','Чеснокова','Лада','Евстафиевна',1),(406,'1994-10-25','M','Панин','Аверкий','Платонович',3),(407,'1995-01-03','W','Завьялова','Вера','Никитична',4),(408,'1994-12-19','W','Филиппова','Целестина','Демьяновна',10),(409,'1996-06-26','M','Смирнов','Егор','Кимович',3),(410,'1991-07-23','W','Романова','Наталья','Корнилиевна',7),(411,'1991-05-11','M','Сотников','Роман','Емельянович',11),(412,'1989-08-12','W','Ушакова','Рада','Корнилиевна',4),(413,'1991-06-29','M','Губанов','Никанор','Валерьевич',4),(414,'1988-03-01','M','Стариков','Юрий','Макарович',2),(415,'1983-03-27','W','Панина','Яна','Тимуровна',5),(416,'1993-11-06','M','Дмитриев','Трофим','Павлович',5),(417,'1986-02-12','M','Голиков','Геннадий','Прохорович',7),(418,'1978-11-10','M','Сотников','Иулиан','Герасимович',9),(419,'1997-11-02','M','Зверев','Фома','Гаврилович',1),(420,'1984-09-24','M','Киселев','Роман','Мстиславович',9),(421,'1991-04-04','W','Ильинская','Инна','Игнатиевна',2),(422,'1987-11-06','M','Рыжов','Геласий','Владимирович',3),(423,'1979-06-22','M','Мешков','Агафон','Аристархович',7),(424,'1986-10-03','M','Лавров','Андрей','Виссарионович',9),(425,'1996-01-24','W','Носкова','Таисия','Михайловна',1),(426,'1986-08-31','W','Демина','Елизавета','Фёдоровна',13),(427,'1984-08-16','W','Блохина','Надежда','Гордеевна',12),(428,'1982-10-23','M','Максимов','Христофор','Добрыньевич',10),(429,'1991-08-04','W','Кузьмина','Целестина','Максимовна',12),(430,'1996-03-22','W','Корнилова','Ксения','Юлиановна',4),(431,'1980-07-01','W','Судакова','Василиса','Гавриловна',9),(432,'1984-01-03','W','Артемова','Жанна','Фаддеевна',13),(433,'1984-07-03','W','Артамонова','Ярослава','Васильевна',1),(434,'1982-07-22','W','Митрофанова','Полина','Иулиановна',12),(435,'1984-09-08','M','Худяков','Ждан','Витальевич',1),(436,'1978-04-28','M','Черный','Геласий','Касьянович',12),(437,'1980-12-12','M','Нечаев','Потап','Исидорович',11),(438,'1980-05-14','M','Голиков','Куприян','Федосеевич',8),(439,'1979-08-11','M','Горюнов','Севастьян','Никанорович',9),(440,'1983-06-28','M','Лапшин','Евграф','Вадимович',11),(441,'1980-05-29','W','Виноградова','Фёкла','Алексеевна',6),(442,'1985-06-04','W','Круглова','Варвара','Данииловна',9),(443,'1979-10-13','M','Павловский','Дорофей','Кондратьевич',6),(444,'1985-03-25','W','Максимова','Яна','Эрастовна',2),(445,'1979-04-19','W','Кузнецова','Полина','Дмитриевна',10),(446,'1997-01-07','M','Ефимов','Юрий','Добрыньевич',6),(447,'1997-09-20','W','Моисеева','Василиса','Фаддеевна',13),(448,'1985-01-06','W','Блохина','Серафима','Савелиевна',3),(449,'1981-12-29','M','Демидов','Ким','Кимович',5),(450,'1981-01-07','M','Александров','Исидор','Игоревич',12),(451,'1978-05-20','M','Калачев','Зиновий','Герасимович',12),(452,'1979-04-19','M','Голованов','Фома','Дмитриевич',7),(453,'1988-02-02','M','Фетисов','Никанор','Прохорович',1),(454,'1986-04-05','M','Малышев','Архипп','Александрович',4),(455,'1998-02-16','M','Лебедев','Донат','Иринеевич',12),(456,'1981-01-13','W','Широкова','Матрёна','Руслановна',2),(457,'1997-09-23','M','Гаврилов','Куприян','Дмитриевич',9),(458,'1994-10-24','M','Яшин','Юрий','Алексеевич',9),(459,'1997-04-12','M','Постников','Павел','Владленович',6),(460,'1980-06-29','M','Титов','Ефим','Борисович',1),(461,'1991-11-28','M','Сахаров','Филат','Галактионович',7),(462,'1995-06-29','M','Хохлов','Геласий','Эрастович',8),(463,'1994-08-19','W','Рябинина','Анна','Тимуровна',10),(464,'1983-02-05','W','Князева','Зинаида','Алексеевна',8),(465,'1994-03-08','W','Анисимова','Светлана','Еремеевна',4),(466,'1985-03-03','W','Кононова','Александра','Юлиановна',1),(467,'1981-06-20','W','Жарова','Галина','Семёновна',8),(468,'1986-08-04','M','Дорофеев','Архипп','Мстиславович',9),(469,'1982-03-26','M','Герасимов','Евстафий','Фомич',9),(470,'1996-07-21','W','Сахарова','Евгения','Викентиевна',8),(471,'1985-11-06','M','Кочергин','Назар','Самуилович',12),(472,'1992-03-23','W','Яшина','Епистима','Всеволодовна',2),(473,'1987-05-16','M','Чумаков','Иулиан','Кимович',13),(474,'1996-03-10','M','Минин','Севастьян','Демидович',2),(475,'1985-10-06','M','Бирюков','Геласий','Демидович',6),(476,'1996-02-19','W','Бородина','Варвара','Денисовна',8),(477,'1981-08-29','W','Кондратьева','Марфа','Венедиктовна',1),(478,'1980-12-09','M','Золотарев','Вадим','Даниилович',13),(479,'1984-11-01','W','Ефимова','Пелагея','Емельяновна',9),(480,'1985-10-11','W','Сизова','Вероника','Касьяновна',8),(481,'1992-01-23','W','Рыбакова','Октябрина','Станиславовна',13),(482,'1978-03-15','W','Киреева','Оксана','Емельяновна',12),(483,'1990-05-11','W','Воронина','Нина','Иннокентиевна',7),(484,'1988-05-25','M','Федотов','Аверкий','Германович',11),(485,'1981-04-29','W','Дубинина','Яна','Афанасьевна',7),(486,'1993-07-07','M','Глебов','Никита','Афанасьевич',5),(487,'1992-09-26','W','Дьякова','Полина','Германовна',13),(488,'1987-03-02','M','Волошин','Иван','Эдуардович',12),(489,'1995-09-17','W','Седова','Пелагея','Львовна',5),(490,'1987-03-19','W','Малышева','София','Фомичечна',3),(491,'1981-07-04','M','Орехов','Валерий','Иринеевич',10),(492,'1986-06-02','W','Вешнякова','Ольга','Вениаминовна',6),(493,'1995-02-16','W','Озерова','Евдокия','Егоровна',12),(494,'1991-12-09','W','Воронина','Марфа','Кондратьевна',12),(495,'1989-12-05','M','Горячев','Павел','Дмитриевич',11),(496,'1994-11-02','M','Столяров','Иулиан','Жданович',10),(497,'1980-07-02','W','Чеботарева','Антонина','Гордеевна',8),(498,'1981-06-21','W','Воронцова','Рада','Семёновна',9),(499,'1983-07-26','W','Фадеева','Анна','Фомичечна',7),(500,'1990-10-11','W','Гладкова','Инна','Гавриловна',7),(501,'1987-10-31','W','Котова','Пинна','Спиридоновна',3),(502,'1984-02-04','M','Губанов','Валерий','Корнилиевич',9),(503,'1981-02-20','W','Лапшина','Светлана','Митрофановна',6),(504,'1995-07-11','W','Баженова','Любовь','Кузьминична',10),(505,'1991-05-30','M','Бабушкин','Пётр','Мартынович',11),(506,'1996-08-27','M','Пугачев','Виктор','Маркович',12),(507,'1987-09-09','W','Калугина','Карина','Тимофеевна',9),(508,'1989-04-27','W','Руднева','Марина','Леонидовна',8),(509,'1986-12-15','W','Широкова','Зоя','Назаровна',2),(510,'1982-03-27','M','Суслов','Иннокентий','Несторщвич',5),(511,'1996-03-30','M','Черкасов','Исидор','Георгиевич',12),(512,'1994-05-03','W','Терентьева','Надежда','Ермолаевна',12),(513,'1981-02-22','W','Мельникова','Дана','Христофоровна',9),(514,'1994-05-07','M','Зиновьев','Леонтий','Донатович',8),(515,'1981-11-19','M','Жуков','Савелий','Савелиевич',7),(516,'1983-06-18','M','Горбачев','Артур','Эдуардович',5),(517,'1986-07-13','M','Сотников','Макар','Иванович',2),(518,'1995-08-01','M','Антонов','Мартын','Евгениевич',1),(519,'1997-08-30','W','Карташова','Глафира','Фёдоровна',13),(520,'1980-10-02','M','Чесноков','Павел','Христофорович',7),(521,'1995-12-30','M','Панков','Олег','Христофорович',13),(522,'1983-06-29','W','Ефимова','Полина','Архипповна',4),(523,'1984-11-18','W','Константинова','Вера','Иулиановна',9),(524,'1986-02-25','W','Гусева','Матрёна','Афанасьевна',2),(525,'1997-11-12','W','Калмыкова','Раиса','Авдеевна',6),(526,'1982-06-22','W','Агафонова','Анжела','Геннадиевна',11),(527,'1979-03-19','M','Громов','Демьян','Ефимович',1),(528,'1979-07-21','W','Данилова','Зоя','Корнилиевна',3),(529,'1989-04-18','W','Сахарова','Жанна','Несторовна',7),(530,'1994-02-10','M','Алехин','Трофим','Авдеевич',2),(531,'1992-02-11','M','Капустин','Георгий','Кондратьевич',1),(532,'1985-05-06','M','Алешин','Илья','Ермолаевич',9),(533,'1994-06-02','M','Леонтьев','Денис','Харитонович',1),(534,'1979-03-08','W','Соболева','Каролина','Донатовна',3),(535,'1989-08-02','W','Ларина','Варвара','Венедиктовна',10),(536,'1993-11-10','W','Чеснокова','Нонна','Георгиевна',5),(537,'1997-10-29','M','Колосов','Валерий','Никонович',6),(538,'1982-07-22','W','Васильева','Ираида','Александровна',12),(539,'1981-10-05','W','Копылова','Пинна','Владиславовна',2),(540,'1990-12-21','W','Суханова','Ксения','Мартыновна',10),(541,'1997-12-16','M','Глебов','Влас','Игоревич',5),(542,'1993-04-15','M','Беляков','Игнатий','Тарасович',7),(543,'1981-06-30','M','Маркин','Денис','Назарович',2),(544,'1982-11-17','W','Панфилова','Ксения','Агафоновна',10),(545,'1990-09-10','W','Данилова','Инна','Фаддеевна',11),(546,'1987-06-13','W','Бондарева','Алевтина','Вениаминовна',3),(547,'1983-09-10','M','Олейников','Потап','Еремеевич',12),(548,'1996-02-07','M','Гордеев','Алексей','Геннадиевич',12),(549,'1995-08-04','M','Пименов','Сильвестр','Спиридонович',5),(550,'1992-10-19','M','Ковалев','Мирослав','Платонович',1),(551,'1992-12-07','W','Пахомова','Клавдия','Куприяновна',3),(552,'1985-11-01','W','Нечаева','Ангелина','Прохоровна',11),(553,'1996-03-20','W','Пугачева','Евгения','Ильинична',11),(554,'1983-06-21','M','Астахов','Евдоким','Владимирович',1),(555,'1992-01-28','M','Яшин','Марк','Лаврентиевич',11),(556,'1982-07-07','M','Коротков','Тимур','Ефимович',12),(557,'1994-04-05','M','Шапошников','Сергей','Владимирович',6),(558,'1996-07-03','M','Шульгин','Георгий','Владиславович',6),(559,'1979-01-10','M','Яковлев','Лаврентий','Лаврентиевич',2),(560,'1998-01-27','W','Кондратова','Жанна','Геннадиевна',7),(561,'1994-10-27','M','Кожевников','Юрий','Феликсович',11),(562,'1984-10-27','M','Пугачев','Эраст','Максимович',1),(563,'1994-10-30','W','Фетисова','Злата','Фёдоровна',7),(564,'1994-10-29','W','Лукьянова','Агафья','Евдокимовна',7),(565,'1992-12-13','W','Лапшина','Глафира','Андреевна',2),(566,'1980-07-21','W','Боброва','Фаина','Добрыньевна',10),(567,'1990-01-13','M','Зеленин','Кузьма','Антонович',5),(568,'1990-08-11','W','Ракова','Вера','Евдокимовна',6),(569,'1988-05-02','W','Журавлева','Клавдия','Мстиславовна',9),(570,'1991-12-24','W','Лобанова','Галина','Владленовна',10),(571,'1985-09-16','M','Розанов','Макар','Назарович',7),(572,'1991-08-14','M','Шульгин','Тимофей','Авксентьевич',13),(573,'1990-01-26','W','Владимирова','Снежана','Демьяновна',13),(574,'1995-11-04','W','Плотникова','Ия','Куприяновна',11),(575,'1987-11-25','M','Беспалов','Геласий','Михайлович',9),(576,'1989-09-19','W','Царева','Любовь','Авксентьевна',2),(577,'1984-07-13','M','Мальцев','Спиридон','Егорович',3),(578,'1987-07-10','M','Антонов','Константин','Ираклиевич',4),(579,'1994-03-07','M','Лапшин','Ким','Денисович',2),(580,'1984-06-07','W','Потапова','Нонна','Юлиановна',7),(581,'1980-03-24','W','Пименова','Таисия','Дмитриевна',3),(582,'1985-04-04','W','Калмыкова','Пелагея','Исидоровна',6),(583,'1988-01-01','W','Коновалова','Октябрина','Георгиевна',6),(584,'1978-05-06','M','Пономарев','Назар','Евстафиевич',8),(585,'1981-10-10','M','Куликов','Виталий','Несторщвич',1),(586,'1984-03-18','M','Нестеров','Мирослав','Виссарионович',5),(587,'1991-08-11','M','Ковалев','Виталий','Демидович',5),(588,'1997-09-14','W','Панкова','Василиса','Кондратьевна',10),(589,'1978-06-05','W','Агапова','Злата','Ивановна',2),(590,'1995-11-03','W','Логинова','Ирина','Константиновна',10),(591,'1988-08-03','M','Гущин','Владимир','Христофорович',1),(592,'1993-10-25','M','Ершов','Макар','Владимирович',9),(593,'1980-12-08','M','Коротков','Станислав','Добрыньевич',6),(594,'1979-08-17','W','Ананьева','Рада','Емельяновна',1),(595,'1987-08-17','M','Федосеев','Дмитрий','Мстиславович',10),(596,'1981-01-08','W','Егорова','Ольга','Ивановна',9),(597,'1994-08-10','M','Владимиров','Мартын','Авксентьевич',12),(598,'1989-09-26','M','Субботин','Евграф','Дмитриевич',5),(599,'1989-01-02','W','Полякова','Анжелика','Дорофеевна',1),(600,'1980-02-06','W','Сорокина','Карина','Евгениевна',2),(601,'1992-01-27','W','Петрова','Ираида','Ермолаевна',4),(602,'1979-01-20','M','Еремин','Алексей','Трофимович',13),(603,'1993-05-24','W','Лаврентьева','Тамара','Самуиловна',8),(604,'1983-07-03','W','Лопатина','Акулина','Антоновна',5),(605,'1982-03-28','M','Семин','Назар','Вениаминович',3),(606,'1980-07-12','W','Дьяконова','Вероника','Евграфовна',11),(607,'1983-04-07','W','Самойлова','Ираида','Севастьяновна',2),(608,'1995-04-05','M','Платонов','Владимир','Феоктистович',9),(609,'1995-02-25','M','Федоров','Илья','Игоревич',3),(610,'1998-01-12','W','Серебрякова','Дана','Герасимовна',4),(611,'1984-02-14','W','Фомина','Мирослава','Кимовна',3),(612,'1984-03-15','M','Воробьев','Юрий','Владиславович',10),(613,'1980-09-12','M','Иванов','Виссарион','Аверкиевич',7),(614,'1988-10-03','M','Голиков','Ярослав','Валентинович',12),(615,'1982-02-17','M','Лопатин','Лев','Богданович',8),(616,'1980-01-10','M','Петров','Донат','Куприянович',4),(617,'1978-10-14','W','Басова','Инга','Никоновна',3),(618,'1981-12-19','M','Богомолов','Дмитрий','Тихонович',9),(619,'1991-07-13','M','Зотов','Авксентий','Константинович',13),(620,'1990-02-20','M','Титов','Семён','Русланович',3),(621,'1991-05-27','M','Корнилов','Гордей','Лаврентиевич',2),(622,'1997-01-26','M','Шубин','Михаил','Матвеевич',9),(623,'1981-12-11','M','Латышев','Родион','Евдокимович',5),(624,'1994-04-01','W','Кудрявцева','Елизавета','Кондратьевна',2),(625,'1997-02-16','W','Безрукова','Тамара','Никитична',13),(626,'1986-05-27','W','Чумакова','Злата','Юрьевна',13),(627,'1984-03-22','M','Гущин','Константин','Дорофеевич',7),(628,'1986-01-20','M','Семенов','Галактион','Георгиевич',7),(629,'1987-06-03','W','Трофимова','Евгения','Касьяновна',3),(630,'1985-07-31','W','Гусева','Юлия','Всеволодовна',9),(631,'1988-08-08','W','Суслова','Раиса','Феоктистовна',11),(632,'1986-02-22','W','Кулагина','Галина','Фаддеевна',9),(633,'1988-12-13','M','Горбунов','Руслан','Евграфович',10),(634,'1992-06-07','W','Латышева','Инга','Афанасьевна',10),(635,'1979-12-18','W','Гончарова','Дарья','Андреевна',10),(636,'1985-06-03','M','Круглов','Иван','Ефимович',13),(637,'1980-01-18','M','Ситников','Федот','Герасимович',13),(638,'1994-10-26','M','Королев','Архипп','Иванович',11),(639,'1994-12-07','W','Звягинцева','Раиса','Мартыновна',11),(640,'1997-03-06','M','Гусев','Фёдор','Антонинович',13),(641,'1978-11-27','M','Шевцов','Феоктист','Святославович',5),(642,'1995-04-30','M','Бочаров','Авдей','Никитич',8),(643,'1992-09-30','M','Соболев','Мстислав','Куприянович',7),(644,'1990-04-28','M','Богданов','Фаддей','Касьянович',3),(645,'1980-02-14','M','Шилов','Валентин','Ефимович',11),(646,'1991-06-05','M','Шевелев','Марк','Валерьевич',1),(647,'1984-03-06','W','Троицкая','Пелагея','Феоктистовна',4),(648,'1978-10-09','W','Звягинцева','Ульяна','Лаврентиевна',6),(649,'1997-04-22','W','Шульгина','Дарья','Трифоновна',10),(650,'1980-01-11','M','Миронов','Владимир','Федотович',3),(651,'1997-10-15','M','Дубинин','Нестор','Станиславович',13),(652,'1987-09-03','W','Новикова','Раиса','Эдуардовна',2),(653,'1994-08-11','W','Жданова','Александра','Альвиановна',3),(654,'1997-10-19','M','Емельянов','Тимофей','Варламович',8),(655,'1993-06-24','W','Филимонова','Марина','Богдановна',5),(656,'1981-08-21','W','Гаврилова','Акулина','Севастьяновна',6),(657,'1988-12-01','M','Головин','Эдуард','Николаевич',12),(658,'1997-03-20','W','Грибова','Ермиония','Еремеевна',5),(659,'1990-04-08','M','Москвин','Геннадий','Евгениевич',12),(660,'1982-08-18','W','Андрианова','Епистима','Филатовна',3),(661,'1990-11-03','W','Гуляева','Матрёна','Авдеевна',8),(662,'1991-09-20','M','Зиновьев','Спиридон','Гордеевич',10),(663,'1979-04-05','M','Озеров','Филипп','Даниилович',2),(664,'1991-11-28','W','Снегирева','Прасковья','Ярославовна',7),(665,'1991-09-30','W','Высоцкая','Ксения','Несторовна',12),(666,'1994-09-20','W','Титова','Мирослава','Ждановна',11),(667,'1993-08-29','M','Воробьев','Трофим','Григориевич',6),(668,'1987-08-04','M','Хромов','Антонин','Фаддеевич',6),(669,'1997-11-19','W','Глебова','Мирослава','Севастьяновна',9),(670,'1992-12-15','M','Терентьев','Александр','Касьянович',12),(671,'1978-07-23','W','Яшина','Акулина','Варламовна',13),(672,'1987-05-16','W','Демидова','Вера','Агафоновна',11),(673,'1996-09-08','W','Васильева','Алевтина','Власовна',12),(674,'1994-09-04','W','Аксенова','Алевтина','Феликсовна',3),(675,'1994-03-05','W','Добрынина','Фаина','Корнилиевна',6),(676,'1979-03-04','M','Измайлов','Авдей','Святославович',11),(677,'1989-12-14','M','Глебов','Евграф','Никонович',6),(678,'1984-05-09','M','Воронин','Анатолий','Дорофеевич',4),(679,'1992-03-21','W','Константинова','Ираида','Евгениевна',12),(680,'1979-02-06','W','Петухова','Любовь','Артуровна',1),(681,'1990-08-27','W','Карташова','Снежана','Кимовна',8),(682,'1981-09-18','M','Белкин','Степан','Юлианович',1),(683,'1988-11-29','W','Еремина','Валентина','Демьяновна',7),(684,'1983-04-17','W','Боброва','Римма','Иулиановна',13),(685,'1982-06-22','W','Калугина','Тамара','Никоновна',6),(686,'1981-10-22','W','Моргунова','Кира','Валерьевна',13),(687,'1990-02-04','M','Крюков','Митрофан','Трофимович',9),(688,'1991-05-06','W','Киселева','Ольга','Ильинична',2),(689,'1984-06-23','M','Бондарев','Антон','Владиславович',13),(690,'1982-10-15','M','Федоров','Андрей','Евдокимович',2),(691,'1979-07-10','M','Крылов','Александр','Платонович',11),(692,'1985-04-08','M','Кондратов','Борис','Спиридонович',1),(693,'1991-07-29','M','Кочергин','Павел','Евдокимович',13),(694,'1994-10-13','W','Карпова','Пелагея','Никаноровна',7),(695,'1997-08-17','M','Миронов','Виталий','Венедиктович',12),(696,'1987-05-04','M','Зимин','Антонин','Вадимович',11),(697,'1984-11-01','M','Суханов','Касьян','Корнилиевич',12),(698,'1989-11-06','M','Масленников','Никон','Федосеевич',12),(699,'1979-01-17','W','Парфенова','Мирослава','Гордеевна',8),(700,'1994-05-14','M','Воробьев','Леонтий','Сергеевич',3),(701,'1993-03-25','M','Субботин','Никита','Варламович',12),(702,'1989-02-03','W','Комиссарова','Феодора','Иринеевна',9),(703,'1989-12-20','W','Баженова','Каролина','Анатольевна',12),(704,'1997-11-19','M','Щеглов','Евгений','Станиславович',10),(705,'1984-12-19','M','Мешков','Тихон','Ираклиевич',13),(706,'1986-06-12','W','Злобина','Нина','Власовна',9),(707,'1991-07-06','W','Малышева','Оксана','Игнатиевна',3),(708,'1980-02-20','M','Ершов','Анфим','Харитонович',13),(709,'1995-03-26','W','Фирсова','Анжелика','Витальевна',5),(710,'1981-12-02','W','Авдеева','Полина','Артемовна',8),(711,'1986-12-02','W','Никонова','Раиса','Филатовна',3),(712,'1986-12-02','W','Панфилова','Евпраксия','Викентиевна',11),(713,'1994-03-31','W','Измайлова','Евпраксия','Всеволодовна',12),(714,'1995-04-18','W','Еремина','Целестина','Валерьевна',9),(715,'1993-06-22','M','Голованов','Нестор','Борисович',13),(716,'1997-02-18','W','Завьялова','Лада','Федосеевна',10),(717,'1996-05-21','W','Уткина','Ульяна','Эрастовна',2),(718,'1983-04-12','M','Добрынин','Илья','Евгениевич',1),(719,'1987-05-01','M','Субботин','Ростислав','Виссарионович',4),(720,'1988-08-02','M','Шевцов','Тихон','Антонинович',9),(721,'1986-03-23','W','Гордеева','Лада','Васильевна',4),(722,'1994-11-24','M','Устинов','Пётр','Ираклиевич',6),(723,'1996-01-17','M','Ларионов','Викентий','Евгениевич',7),(724,'1981-10-08','M','Николаев','Донат','Галактионович',4),(725,'1979-06-11','W','Максимова','Тамара','Никитична',2),(726,'1995-12-12','M','Усов','Андрей','Ефимович',6),(727,'1989-11-08','W','Широкова','Надежда','Христофоровна',1),(728,'1996-04-19','M','Чеботарев','Семён','Богданович',4),(729,'1982-11-17','M','Литвинов','Влас','Викторович',1),(730,'1985-01-07','W','Белова','Анжела','Никаноровна',8),(731,'1989-06-30','W','Севастьянова','Вера','Герасимовна',10),(732,'1996-09-30','W','Ильина','Ангелина','Мирославовна',10),(733,'1983-08-31','M','Гусев','Филипп','Евгениевич',9),(734,'1990-10-31','M','Яшин','Варлам','Владимирович',5),(735,'1981-12-19','M','Морозов','Лев','Фомич',3),(736,'1988-02-23','M','Ширяев','Тимофей','Вадимович',7),(737,'1984-05-14','W','Кулешова','Татьяна','Витальевна',11),(738,'1985-12-18','M','Агафонов','Касьян','Еремеевич',13),(739,'1996-06-09','M','Петухов','Даниил','Венедиктович',10),(740,'1986-07-28','M','Лукьянов','Еремей','Глебович',6),(741,'1989-04-15','M','Касаткин','Мстислав','Федотович',7),(742,'1987-10-03','M','Покровский','Севастьян','Александрович',8),(743,'1988-08-19','M','Черкасов','Артём','Юлианович',5),(744,'1995-12-23','M','Панкратов','Владлен','Артёмович',12),(745,'1992-05-11','M','Демидов','Митрофан','Ярославович',6),(746,'1986-09-01','W','Шевелева','Феврония','Гавриловна',11),(747,'1982-06-22','W','Ермолова','Ульяна','Донатовна',7),(748,'1981-08-17','M','Корнев','Никон','Дмитриевич',7),(749,'1982-04-22','W','Корнеева','Таисия','Ермолаевна',1),(750,'1992-12-10','M','Литвинов','Феликс','Михайлович',6),(751,'1995-05-08','M','Панов','Герман','Антонович',10),(752,'1983-11-04','M','Никитин','Авксентий','Георгиевич',9),(753,'1981-03-30','W','Матвеева','Снежана','Романовна',6),(754,'1990-10-22','M','Логинов','Ким','Родионович',9),(755,'1981-04-16','M','Щеглов','Матвей','Андреевич',8),(756,'1981-06-02','M','Агеев','Архипп','Львович',2),(757,'1982-12-28','M','Пугачев','Антонин','Семёнович',3),(758,'1981-07-14','M','Шапошников','Станислав','Самуилович',7),(759,'1985-03-14','W','Волошина','Ия','Сильвестровна',4),(760,'1989-08-26','W','Карташова','Зинаида','Иулиановна',13),(761,'1987-04-21','M','Куприянов','Аверкий','Даниилович',9),(762,'1981-12-15','W','Добрынина','Пинна','Викентиевна',2),(763,'1988-03-11','W','Голикова','Пелагея','Владленовна',1),(764,'1994-09-26','M','Калмыков','Федосей','Иулианович',8),(765,'1995-01-03','W','Филатова','Нонна','Аристарховна',12),(766,'1997-02-10','M','Рябов','Лев','Евгениевич',1),(767,'1997-06-29','M','Прокофьев','Юлиан','Добрыньевич',6),(768,'1985-12-14','M','Костин','Варлам','Романович',5),(769,'1985-03-19','W','Еремеева','Таисия','Куприяновна',7),(770,'1985-02-08','W','Губанова','Глафира','Тихоновна',2),(771,'1978-06-29','M','Павловский','Варфоломей','Несторщвич',12),(772,'1994-03-04','W','Суслова','Клавдия','Христофоровна',3),(773,'1980-03-30','M','Кондратов','Демид','Харитонович',5),(774,'1986-10-12','M','Федосов','Мстислав','Даниилович',4),(775,'1993-07-28','M','Фомин','Юрий','Эрастович',10),(776,'1991-02-18','W','Плотникова','Светлана','Мстиславовна',11),(777,'1997-03-24','W','Козловская','Агриппина','Варламовна',1),(778,'1996-02-12','W','Кондрашова','Агафья','Альбертовна',13),(779,'1990-07-11','M','Баранов','Галактион','Владленович',4),(780,'1990-11-20','W','Коновалова','Жанна','Эрастовна',2),(781,'1997-06-15','M','Русанов','Максим','Арсеньевич',1),(782,'1989-06-16','M','Петухов','Матвей','Иринеевич',10),(783,'1989-08-01','W','Козловская','Светлана','Гавриловна',1),(784,'1997-08-30','M','Толкачев','Леонид','Вадимович',8),(785,'1994-12-23','W','Чеснокова','Кира','Савелиевна',3),(786,'1992-11-18','M','Снегирев','Авксентий','Валерьянович',13),(787,'1988-03-22','W','Панина','Зинаида','Владленовна',7),(788,'1998-01-04','W','Григорьева','Вера','Леонтиевна',7),(789,'1994-07-26','M','Сафонов','Яков','Валерьянович',8),(790,'1983-01-19','M','Усов','Анатолий','Владиславович',11),(791,'1994-12-05','M','Буров','Зиновий','Архиппович',9),(792,'1989-04-07','M','Волошин','Фёдор','Артёмович',5),(793,'1989-04-15','W','Исаева','Вера','Куприяновна',3),(794,'1983-10-04','W','Литвинова','Ольга','Борисовна',4),(795,'1993-02-24','M','Литвинов','Владимир','Дмитриевич',13),(796,'1988-09-26','M','Исаев','Самуил','Климентович',4),(797,'1990-03-25','M','Кравцов','Ким','Герасимович',12),(798,'1993-10-05','W','Крючкова','Ксения','Витальевна',12),(799,'1997-03-25','M','Савицкий','Федосей','Куприянович',9),(800,'1980-02-03','W','Мальцева','Ираида','Семёновна',8),(801,'1989-09-28','M','Кожевников','Эдуард','Егорович',7),(802,'1982-12-08','M','Зайцев','Сергей','Феликсович',10),(803,'1979-04-11','W','Ермилова','Иоанна','Касьяновна',12),(804,'1993-10-19','W','Архипова','Валентина','Анфимовна',10),(805,'1983-12-31','W','Щукина','Фаина','Денисовна',2),(806,'1997-06-25','W','Беляева','Юлия','Алексеевна',6),(807,'1992-10-15','M','Шевелев','Геннадий','Федотович',7),(808,'1990-07-13','M','Ткачев','Добрыня','Львович',7),(809,'1983-03-01','M','Белоусов','Юлиан','Валентинович',5),(810,'1981-03-04','W','Любимова','Епистима','Филатовна',12),(811,'1988-09-07','W','Зубова','Лада','Дмитриевна',12),(812,'1992-07-10','W','Грекова','Оксана','Добрыньевна',3),(813,'1978-04-11','W','Литвинова','Ангелина','Арсеньевна',3),(814,'1991-01-01','W','Дубровина','Раиса','Прохоровна',13),(815,'1981-01-13','M','Горлов','Алексей','Яковлевич',3),(816,'1987-03-28','M','Корнилов','Касьян','Кондратьевич',10),(817,'1981-12-03','W','Демина','Пелагея','Демьяновна',8),(818,'1978-08-22','W','Селиванова','Жанна','Глебовна',10),(819,'1995-06-22','M','Пахомов','Влас','Русланович',7),(820,'1992-01-27','W','Шишкина','София','Фаддеевна',12),(821,'1988-05-02','M','Андреев','Виктор','Фаддеевич',6),(822,'1989-10-22','W','Лукина','Феврония','Юрьевна',7),(823,'1982-05-24','W','Кононова','Кира','Всеволодовна',5),(824,'1993-07-01','M','Минин','Евдоким','Харитонович',11),(825,'1988-11-22','M','Сальников','Даниил','Маркович',9),(826,'1980-08-26','W','Пантелеева','Тамара','Филатовна',13),(827,'1979-05-11','M','Крюков','Федосей','Фомич',4),(828,'1997-04-21','M','Мещеряков','Иулиан','Дорофеевич',5),(829,'1982-10-28','M','Попов','Афанасий','Добрыньевич',10),(830,'1995-12-09','M','Грибов','Аристарх','Евгениевич',2),(831,'1986-12-19','M','Бочаров','Игорь','Константинович',13),(832,'1993-03-11','W','Маслова','Ольга','Ярославовна',4),(833,'1981-08-07','M','Дмитриев','Фаддей','Агафонович',4),(834,'1992-04-20','W','Жарова','Александра','Ростиславовна',7),(835,'1981-03-09','W','Ульянова','Епистима','Макаровна',10),(836,'1981-07-27','M','Лопатин','Викентий','Галактионович',4),(837,'1980-07-05','W','Измайлова','Алла','Олеговна',7),(838,'1986-04-20','W','Русакова','Фаина','Леонтиевна',1),(839,'1983-04-13','W','Коршунова','Евпраксия','Никоновна',1),(840,'1982-08-03','M','Некрасов','Фаддей','Евграфович',5),(841,'1979-08-25','M','Глушков','Валерий','Несторщвич',3),(842,'1989-03-08','W','Нечаева','Нина','Прохоровна',7),(843,'1995-07-25','M','Осипов','Никанор','Валентинович',7),(844,'1981-04-07','M','Поликарпов','Потап','Артурович',8),(845,'1984-03-23','M','Дорохов','Никита','Борисович',5),(846,'1993-08-02','M','Суханов','Матвей','Никифорович',9),(847,'1981-07-23','W','Горюнова','Зинаида','Кондратьевна',12),(848,'1989-03-22','W','Зубкова','Дана','Кирилловна',13),(849,'1979-08-12','M','Горохов','Эраст','Альвианович',10),(850,'1995-02-13','M','Старостин','Николай','Юрьевич',8),(851,'1996-12-02','M','Лаврентьев','Владлен','Альбертович',1),(852,'1993-04-29','W','Орехова','Агафья','Владленовна',8),(853,'1995-06-18','W','Коровина','Оксана','Владимировна',13),(854,'1995-10-07','M','Тихонов','Аркадий','Галактионович',2),(855,'1981-01-13','M','Савельев','Иннокентий','Степанович',2),(856,'1979-05-21','W','Майорова','Евгения','Павловна',8),(857,'1989-11-08','W','Трофимова','Акулина','Трифоновна',12),(858,'1990-10-25','W','Овсянникова','Агафья','Исидоровна',7),(859,'1989-10-26','M','Филатов','Даниил','Никанорович',1),(860,'1994-07-16','W','Королева','Светлана','Богдановна',8),(861,'1986-07-24','M','Пономарев','Кузьма','Потапович',9),(862,'1992-05-31','M','Сизов','Галактион','Самуилович',2),(863,'1989-06-02','M','Панфилов','Степан','Евгениевич',2),(864,'1984-12-30','W','Гришина','Елена','Эрастовна',11),(865,'1984-02-11','W','Куликова','Татьяна','Аверкиевна',10),(866,'1994-04-09','M','Туманов','Назар','Леонидович',6),(867,'1980-11-21','W','Масленникова','Карина','Валерьяновна',7),(868,'1979-11-03','W','Комиссарова','Ярослава','Архипповна',13),(869,'1997-06-22','W','Лебедева','Лилия','Архипповна',5),(870,'1986-08-16','W','Пугачева','Таисия','Олеговна',12),(871,'1979-09-15','M','Воробьев','Демьян','Петрович',6),(872,'1986-05-12','M','Беляев','Архипп','Кириллович',5),(873,'1989-03-11','W','Козлова','Анастасия','Тимуровна',2),(874,'1984-12-13','W','Емельянова','Дарья','Федотовна',12),(875,'1990-03-16','M','Серов','Прохор','Венедиктович',4),(876,'1996-06-07','W','Зимина','Василиса','Викентиевна',13),(877,'1995-12-02','W','Большакова','Октябрина','Архипповна',3),(878,'1990-12-07','M','Корольков','Потап','Власович',12),(879,'1987-10-14','W','Фролова','Инесса','Михайловна',6),(880,'1994-04-04','M','Малахов','Федосей','Семёнович',6),(881,'1979-05-16','W','Парамонова','Ангелина','Ярославовна',12),(882,'1984-08-19','W','Киселева','Евдокия','Касьяновна',7),(883,'1980-04-14','W','Никонова','Ираида','Игнатиевна',4),(884,'1994-06-06','W','Бессонова','Иоанна','Потаповна',3),(885,'1979-10-31','M','Плотников','Фаддей','Станиславович',11),(886,'1986-03-16','W','Суханова','Фёкла','Родионовна',7),(887,'1980-02-26','W','Завьялова','Лада','Никифоровна',1),(888,'1987-12-08','M','Корчагин','Добрыня','Викентиевич',13),(889,'1982-04-22','M','Шувалов','Галактион','Куприянович',5),(890,'1990-02-23','W','Токарева','Глафира','Васильевна',2),(891,'1985-11-15','W','Горшкова','Василиса','Афанасьевна',4),(892,'1983-09-24','W','Фомичева','Алевтина','Иринеевна',5),(893,'1993-04-12','M','Дорофеев','Ефим','Фаддеевич',10),(894,'1992-09-23','W','Жданова','Лидия','Ростиславовна',11),(895,'1990-01-28','W','Гурова','Инна','Васильевна',4),(896,'1992-11-14','W','Зубова','Ираида','Афанасьевна',1),(897,'1988-07-25','M','Тимофеев','Севастьян','Григориевич',12),(898,'1985-04-15','M','Зверев','Гордей','Геннадиевич',1),(899,'1992-08-24','W','Соколова','Любовь','Филипповна',5),(900,'1982-10-17','M','Успенский','Ириней','Филиппович',4),(901,'1987-06-26','W','Дьяконова','Татьяна','Ждановна',8),(902,'1984-07-11','M','Рожков','Трифон','Юлианович',2),(903,'1988-04-07','M','Агафонов','Демид','Витальевич',1),(904,'1982-08-03','M','Пирогов','Ираклий','Трофимович',9),(905,'1989-04-22','W','Федотова','Матрёна','Павловна',4),(906,'1992-09-23','W','Ульянова','Рада','Севастьяновна',9),(907,'1995-07-24','M','Ковалев','Альвиан','Артёмович',1),(908,'1987-07-21','M','Балашов','Семён','Агафонович',9),(909,'1991-03-16','M','Калачев','Кузьма','Платонович',9),(910,'1986-05-17','W','Авдеева','Анжелика','Авксентьевна',10),(911,'1982-12-13','M','Моисеев','Феоктист','Никифорович',6),(912,'1986-10-03','W','Пономарева','Татьяна','Савелиевна',6),(913,'1982-06-04','M','Ушаков','Григорий','Виссарионович',3),(914,'1991-12-03','W','Боброва','Елена','Германовна',6),(915,'1991-02-09','W','Горелова','Людмила','Феликсовна',4),(916,'1991-07-14','W','Сизова','Ярослава','Данииловна',4),(917,'1979-03-23','W','Свиридова','Светлана','Артемовна',12),(918,'1984-10-05','W','Сергеева','Пинна','Тимуровна',12),(919,'1980-09-21','W','Болдырева','Лада','Арсеньевна',13),(920,'1983-12-19','W','Уткина','Акулина','Прохоровна',12),(921,'1979-08-31','M','Свешников','Герасим','Куприянович',10),(922,'1994-04-10','W','Воронова','Каролина','Константиновна',3),(923,'1983-11-28','W','Ковалева','Римма','Трофимовна',10),(924,'1998-01-09','W','Титова','Алина','Юлиановна',8),(925,'1997-08-29','W','Овсянникова','Агриппина','Ермолаевна',10),(926,'1988-09-08','M','Самсонов','Пётр','Ефимович',3),(927,'1991-07-30','M','Кошелев','Куприян','Еремеевич',5),(928,'1981-08-17','W','Столярова','Ольга','Анфимовна',8),(929,'1984-01-04','M','Щербаков','Лев','Атольевич',2),(930,'1979-11-29','W','Денисова','Глафира','Игнатиевна',3),(931,'1993-09-13','W','Кузина','Лада','Спиридоновна',10),(932,'1995-10-05','M','Колпаков','Владислав','Атольевич',11),(933,'1982-03-29','W','Анохина','Алевтина','Федосеевна',4),(934,'1985-03-09','M','Казанцев','Игнатий','Альвианович',10),(935,'1990-03-29','W','Карташова','Анастасия','Григориевна',3),(936,'1990-09-23','M','Вдовин','Евгений','Алексеевич',11),(937,'1991-01-29','W','Киреева','Ирина','Леонидовна',12),(938,'1997-05-10','M','Карташов','Никанор','Ильич',5),(939,'1992-05-15','W','Хромова','Василиса','Эрастовна',11),(940,'1985-02-14','W','Усова','Евгения','Гавриловна',8),(941,'1997-05-19','M','Демьянов','Нестор','Антонинович',12),(942,'1985-08-01','M','Бычков','Харитон','Антонинович',10),(943,'1992-08-14','M','Минин','Ждан','Ермолаевич',5),(944,'1996-08-05','W','Мельникова','Лилия','Максимовна',8),(945,'1978-06-14','M','Черный','Константин','Ярославович',10),(946,'1982-01-11','W','Котова','Инесса','Валерьевна',2),(947,'1980-01-19','M','Сафонов','Касьян','Касьянович',12),(948,'1978-10-15','M','Журавлев','Владислав','Венедиктович',3),(949,'1991-11-24','M','Масленников','Митрофан','Валерьевич',8),(950,'1991-07-19','W','Черкасова','Лилия','Корнилиевна',8),(951,'1997-01-28','M','Сергеев','Константин','Игоревич',7),(952,'1984-06-15','M','Дубов','Ким','Еремеевич',7),(953,'1980-03-06','M','Козловский','Венедикт','Валерьевич',6),(954,'1991-11-21','M','Олейников','Даниил','Никонович',10),(955,'1980-07-17','M','Дьяков','Александр','Лаврентиевич',7),(956,'1989-03-17','W','Завьялова','Акулина','Петровна',9),(957,'1997-06-22','M','Соловьев','Никон','Родионович',5),(958,'1981-05-16','M','Сухарев','Гордей','Вадимович',10),(959,'1992-02-27','W','Островская','Тамара','Исидоровна',12),(960,'1984-12-25','M','Потапов','Альвиан','Денисович',13),(961,'1991-07-24','W','Антонова','Маргарита','Кирилловна',2),(962,'1978-12-18','M','Мещеряков','Мирослав','Станиславович',1),(963,'1990-01-10','W','Бессонова','Марфа','Эрастовна',12),(964,'1993-08-16','M','Успенский','Евграф','Трифонович',3),(965,'1981-08-16','M','Жуков','Варлам','Аверкиевич',13),(966,'1982-08-26','W','Кудрявцева','Злата','Альбертовна',9),(967,'1984-08-15','M','Сальников','Илья','Гаврилович',5),(968,'1986-11-29','M','Уткин','Лаврентий','Егорович',6),(969,'1984-11-25','M','Тихомиров','Галактион','Дорофеевич',2),(970,'1979-09-28','W','Черныха','Галина','Ярославовна',7),(971,'1992-10-28','W','Антонова','Ангелина','Богдановна',13),(972,'1988-10-23','W','Константинова','Анжела','Всеволодовна',10),(973,'1979-02-18','W','Матвеева','Ермиония','Исидоровна',9),(974,'1978-12-06','M','Чистяков','Алексей','Мартынович',1),(975,'1987-10-25','M','Блинов','Авксентий','Семёнович',12),(976,'1978-03-14','W','Шестакова','Любовь','Ираклиевна',4),(977,'1979-05-16','M','Калашников','Эраст','Назарович',1),(978,'1985-11-23','W','Бочарова','Полина','Федотовна',9),(979,'1991-03-20','W','Некрасова','Полина','Романовна',7),(980,'1997-07-25','W','Ушакова','Феврония','Авксентьевна',1),(981,'1990-05-13','M','Сомов','Афанасий','Святославович',5),(982,'1985-09-12','M','Туманов','Игнатий','Романович',6),(983,'1997-08-17','W','Андрианова','Анжела','Владимировна',6),(984,'1982-06-05','M','Черепанов','Леонтий','Андреевич',13),(985,'1996-12-16','M','Жилин','Никон','Авдеевич',10),(986,'1988-03-10','W','Щеглова','Вероника','Донатовна',6),(987,'1982-09-07','W','Голикова','Алина','Дмитриевна',7),(988,'1992-08-14','M','Дубровин','Виталий','Авксентьевич',1),(989,'1984-09-30','W','Касьянова','Евфросиния','Витальевна',6),(990,'1986-05-21','M','Гаврилов','Зиновий','Корнилиевич',11),(991,'1997-01-11','M','Краснов','Аркадий','Фомич',1),(992,'1979-03-27','W','Колесникова','София','Федотовна',9),(993,'1986-09-22','M','Семенов','Корнилий','Трофимович',7),(994,'1980-12-10','W','Губанова','Маргарита','Иулиановна',1),(995,'1996-05-18','W','Ткачева','Василиса','Богдановна',7),(996,'1984-03-12','W','Львова','Антонина','Авксентьевна',4),(997,'1995-06-29','W','Астахова','Валерия','Трофимовна',7),(998,'1984-06-04','W','Маслова','Ирина','Тихоновна',4),(999,'1982-02-01','W','Черная','Тамара','Яковлевна',4),(1000,'1980-08-21','W','Майорова','Акулина','Никифоровна',4),(1001,'1989-05-23','W','Герасимова','Ираида','Савелиевна',11),(1002,'1997-07-10','M','Аникин','Евдоким','Михайлович',13),(1003,'1989-01-21','M','Мартынов','Платон','Витальевич',2),(1004,'1978-12-28','M','Серов','Илья','Исидорович',9),(1005,'1990-02-04','W','Комиссарова','Яна','Митрофановна',8),(1006,'1991-08-10','M','Баранов','Матвей','Сергеевич',4),(1007,'1988-03-03','W','Артамонова','Нина','Тарасовна',1),(1008,'1980-04-17','W','Сухова','Лилия','Петровна',11),(1009,'1984-08-13','M','Егоров','Аркадий','Станиславович',10),(1010,'1986-10-11','W','Шувалова','Анна','Станиславовна',10),(1011,'1996-12-03','W','Климова','Анна','Германовна',4),(1012,'1994-02-18','W','Носова','Татьяна','Глебовна',12),(1013,'1991-10-16','W','Кулакова','Оксана','Олеговна',7),(1014,'1990-02-22','W','Астахова','Агафья','Донатовна',6),(1015,'1987-02-20','W','Балашова','Фёкла','Кузьминична',10),(1016,'1982-10-02','M','Аникин','Дорофей','Иулианович',9),(1017,'1986-12-19','W','Лаврентьева','Маргарита','Ефимовна',8),(1018,'1985-05-21','W','Власова','Ангелина','Иннокентиевна',13),(1019,'1983-06-21','W','Самсонова','Анжела','Ефимовна',9),(1020,'1990-11-15','M','Сурков','Авдей','Владиславович',1),(1021,'1992-08-11','M','Винокуров','Герасим','Валерьевич',8),(1022,'1987-01-15','W','Поликарпова','Анастасия','Афанасьевна',3),(1023,'1982-01-15','M','Усов','Агафон','Федосеевич',7),(1024,'1980-01-22','W','Чеснокова','Ирина','Михайловна',3),(1025,'1996-02-15','W','Афанасьева','Прасковья','Фомичечна',3),(1026,'1980-04-04','M','Швецов','Степан','Никифорович',13),(1027,'1990-06-13','W','Грибова','Фёкла','Валерьяновна',9),(1028,'1989-12-06','W','Головина','Клавдия','Евгениевна',10),(1029,'1980-09-30','W','Соколова','Ермиония','Леонидовна',13),(1030,'1990-09-30','M','Сафонов','Андрей','Корнилиевич',11),(1031,'1982-02-07','M','Спиридонов','Эдуард','Игоревич',8),(1032,'1978-10-13','W','Софронова','Инга','Емельяновна',11),(1033,'1991-01-17','M','Колесов','Нестор','Филатович',13),(1034,'1993-02-05','M','Кочетков','Игорь','Всеволодович',5),(1035,'1994-03-28','W','Маслова','Агриппина','Платоновна',4),(1036,'1990-11-18','W','Колесникова','Инесса','Тимуровна',3),(1037,'1981-01-26','W','Куприянова','Вера','Гавриловна',1),(1038,'1986-01-18','W','Ильина','Ангелина','Денисовна',5),(1039,'1984-05-30','M','Малышев','Вениамин','Тарасович',3),(1040,'1993-12-08','M','Цветков','Никанор','Еремеевич',12),(1041,'1983-06-26','W','Никольская','Лариса','Егоровна',12),(1042,'1998-02-12','W','Семенова','Алевтина','Юлиановна',9),(1043,'1985-06-24','M','Вешняков','Виссарион','Вадимович',9),(1044,'1984-01-15','M','Маркелов','Никита','Емельянович',9),(1045,'1986-06-15','W','Елисеева','Агафья','Филатовна',7),(1046,'1997-06-20','M','Казанцев','Юрий','Юрьевич',9),(1047,'1995-01-12','M','Зотов','Ириней','Касьянович',8),(1048,'1985-01-07','M','Шаповалов','Филипп','Виссарионович',3),(1049,'1984-04-23','W','Рогова','Дана','Ярославовна',1),(1050,'1984-12-27','M','Ермолов','Афанасий','Вениаминович',13),(1051,'1981-04-19','W','Маркина','Зоя','Станиславовна',1),(1052,'1990-03-28','M','Шевелев','Виссарион','Иулианович',4),(1053,'1978-07-24','W','Агеева','Екатерина','Константиновна',4),(1054,'1987-06-22','W','Козырева','Злата','Тихоновна',5),(1055,'1984-10-16','M','Кондратьев','Руслан','Корнилиевич',3),(1056,'1987-12-02','M','Панфилов','Лев','Семёнович',1),(1057,'1998-02-01','W','Ширяева','Евфросиния','Филипповна',5),(1058,'1984-06-19','M','Митрофанов','Федосей','Антонинович',7),(1059,'1993-02-22','W','Глухова','Анжелика','Никитична',2),(1060,'1988-11-13','M','Сахаров','Антон','Севастьянович',6),(1061,'1991-11-02','W','Большакова','Ангелина','Владимировна',6),(1062,'1989-03-09','M','Фролов','Никон','Ефимович',2),(1063,'1980-04-03','W','Морозова','Жанна','Константиновна',12),(1064,'1983-08-09','M','Самойлов','Нестор','Тихонович',11),(1065,'1991-09-07','M','Самойлов','Руслан','Александрович',11),(1066,'1986-06-27','W','Сорокина','Глафира','Константиновна',6),(1067,'1991-04-27','W','Львова','Матрёна','Гавриловна',10),(1068,'1981-02-04','W','Кулешова','Глафира','Евгениевна',4),(1069,'1985-04-19','M','Бирюков','Тихон','Денисович',11),(1070,'1994-05-06','M','Пантелеев','Митрофан','Николаевич',1),(1071,'1978-12-13','W','Кондрашова','Зинаида','Тарасовна',12),(1072,'1980-07-15','M','Калугин','Руслан','Иринеевич',1),(1073,'1991-07-08','W','Демидова','Каролина','Зиновиевна',10),(1074,'1981-06-10','W','Кочетова','Анжелика','Сильвестровна',9),(1075,'1993-01-10','W','Киреева','Прасковья','Антониновна',9),(1076,'1983-10-20','W','Архипова','Наталья','Демидовна',4),(1077,'1989-01-10','M','Малахов','Филат','Спиридонович',7),(1078,'1996-09-16','M','Дубов','Артём','Корнилиевич',1),(1079,'1984-08-10','W','Чернышева','Ангелина','Мстиславовна',2),(1080,'1996-12-26','M','Корнилов','Ждан','Емельянович',6),(1081,'1987-03-20','M','Кравцов','Самуил','Еремеевич',4),(1082,'1997-02-02','M','Чесноков','Ириней','Антонович',2),(1083,'1991-07-25','W','Русакова','Маргарита','Станиславовна',3),(1084,'1981-06-11','M','Дмитриев','Богдан','Игоревич',13),(1085,'1997-07-02','W','Потапова','Ермиония','Лаврентиевна',11),(1086,'1988-06-26','M','Самсонов','Егор','Мартынович',8),(1087,'1978-10-26','W','Андрианова','Лидия','Кимовна',4),(1088,'1985-12-06','W','Зубова','Евпраксия','Власовна',12),(1089,'1995-11-02','W','Фомина','Надежда','Евгениевна',6),(1090,'1984-08-27','M','Елисеев','Евгений','Семёнович',10),(1091,'1992-05-31','M','Дроздов','Евдоким','Филиппович',13),(1092,'1979-05-09','M','Малинин','Авксентий','Прохорович',6),(1093,'1995-11-06','W','Корчагина','Антонина','Ростиславовна',6),(1094,'1996-09-25','W','Гаврилова','Прасковья','Аристарховна',9),(1095,'1993-06-18','W','Демидова','Таисия','Иулиановна',7),(1096,'1981-07-17','W','Яшина','Епистима','Семёновна',13),(1097,'1979-05-26','W','Дьякова','Анжелика','Корнилиевна',8),(1098,'1983-02-19','M','Козырев','Марк','Алексеевич',13),(1099,'1979-10-07','M','Белкин','Семён','Жданович',10),(1100,'1987-05-02','M','Кононов','Иннокентий','Святославович',7),(1101,'1985-11-05','M','Князев','Тихон','Кириллович',2),(1102,'1986-01-17','W','Серова','Матрёна','Назаровна',5),(1103,'1995-12-10','M','Романов','Вячеслав','Павлович',6),(1104,'1987-01-23','M','Стариков','Никита','Витальевич',13),(1105,'1996-02-28','M','Жаров','Зиновий','Германович',9),(1106,'1983-09-12','W','Никольская','Ольга','Глебовна',10),(1107,'1986-01-29','M','Пантелеев','Альберт','Эдуардович',8),(1108,'1984-11-13','W','Киселева','Анжелика','Валерьяновна',7),(1109,'1984-02-06','W','Зубкова','Надежда','Варламовна',5),(1110,'1990-09-08','W','Фомичева','Марфа','Арсеньевна',10),(1111,'1981-08-24','M','Зуев','Семён','Станиславович',5),(1112,'1985-06-30','W','Прохорова','Светлана','Несторовна',2),(1113,'1985-10-12','W','Кондратова','Епистима','Андреевна',12),(1114,'1985-05-10','W','Зиновьева','Евдокия','Анатольевна',6),(1115,'1979-07-18','W','Калашникова','Евдокия','Аркадиевна',1),(1116,'1978-11-01','W','Панина','Валерия','Семёновна',1),(1117,'1986-12-09','M','Мальцев','Олег','Галактионович',11),(1118,'1982-07-05','W','Тимофеева','Антонина','Антониновна',13),(1119,'1978-11-13','W','Зайцева','Снежана','Мирославовна',10),(1120,'1996-03-29','W','Устинова','Вера','Платоновна',6),(1121,'1997-06-19','W','Кузина','Ермиония','Галактионовна',9),(1122,'1984-05-31','M','Макеев','Аверкий','Евстафиевич',4),(1123,'1982-09-08','M','Фирсов','Емельян','Викторович',1),(1124,'1982-01-25','M','Софронов','Тимофей','Станиславович',7),(1125,'1997-07-24','W','Грибова','Марина','Анатольевна',2),(1126,'1988-06-17','W','Бирюкова','Василиса','Евгениевна',7),(1127,'1992-10-16','M','Тихомиров','Евстафий','Евгениевич',7),(1128,'1993-05-08','W','Белякова','Василиса','Кимовна',10),(1129,'1980-02-03','M','Семенов','Евгений','Артёмович',9),(1130,'1992-07-08','M','Смирнов','Альберт','Арсеньевич',1),(1131,'1992-10-13','W','Трифонова','Тамара','Харитоновна',11),(1132,'1994-08-16','M','Фомин','Дмитрий','Денисович',10),(1133,'1983-05-08','W','Демьянова','Лада','Федосеевна',6),(1134,'1983-04-06','W','Леонтьева','Пелагея','Игнатиевна',10),(1135,'1992-12-09','M','Афанасьев','Борис','Кузьмич',2),(1136,'1992-05-16','W','Тимофеева','Алина','Авксентьевна',4),(1137,'1982-01-17','W','Антонова','Любовь','Аверкиевна',7),(1138,'1992-11-29','M','Царев','Андрей','Эрастович',9),(1139,'1981-08-25','W','Никольская','Полина','Виссарионовна',1),(1140,'1993-11-22','M','Волков','Ждан','Леонтиевич',9),(1141,'1998-02-02','M','Елисеев','Назар','Гаврилович',7),(1142,'1981-03-01','M','Бочаров','Тимур','Вячеславович',4),(1143,'1994-01-21','M','Плотников','Касьян','Валерьевич',12),(1144,'1988-05-03','W','Дьякова','Римма','Назаровна',4),(1145,'1987-06-01','M','Селиванов','Антонин','Максимович',7),(1146,'1997-07-31','M','Тарасов','Евсей','Павлович',2),(1147,'1997-08-15','M','Трошин','Геласий','Германович',4),(1148,'1979-10-03','W','Емельянова','Александра','Евгениевна',6),(1149,'1995-08-26','M','Копылов','Илья','Иннокентиевич',8),(1150,'1992-12-13','M','Аникин','Афанасий','Ярославович',5),(1151,'1987-04-28','W','Константинова','Жанна','Феликсовна',8),(1152,'1980-08-02','M','Колосов','Антон','Геннадиевич',8),(1153,'1983-10-23','W','Маслова','Антонина','Кимовна',11),(1154,'1981-09-10','M','Жилин','Алексей','Юлианович',6),(1155,'1996-02-17','W','Соболева','Иоанна','Иринеевна',12),(1156,'1996-10-15','W','Добрынина','Алевтина','Мирославовна',12),(1157,'1991-11-06','M','Потапов','Василий','Дорофеевич',1),(1158,'1996-03-15','M','Панкратов','Владислав','Филиппович',12),(1159,'1992-07-10','M','Ефимов','Донат','Виссарионович',6),(1160,'1984-01-01','M','Архипов','Григорий','Демьянович',12),(1161,'1987-06-11','M','Мальцев','Трифон','Викторович',3),(1162,'1986-09-06','W','Сычева','Валерия','Афанасьевна',8),(1163,'1978-09-26','M','Чернов','Марк','Мстиславович',13),(1164,'1984-12-01','W','Федосеева','Феврония','Романовна',13),(1165,'1993-03-12','M','Сазонов','Игнатий','Антонинович',1),(1166,'1991-05-11','M','Трифонов','Фаддей','Даниилович',4),(1167,'1989-10-27','W','Бирюкова','Надежда','Сергеевна',9),(1168,'1988-06-01','W','Лукина','Агриппина','Зиновиевна',6),(1169,'1990-09-01','M','Комиссаров','Руслан','Митрофанович',10),(1170,'1980-07-27','M','Филимонов','Мирослав','Тимурович',3),(1171,'1992-11-02','M','Богомолов','Виссарион','Кимович',5),(1172,'1990-10-14','W','Малахова','Зинаида','Константиновна',4),(1173,'1993-12-24','M','Буров','Макар','Гаврилович',11),(1174,'1994-01-23','W','Горшкова','Пелагея','Глебовна',11),(1175,'1988-09-23','M','Белов','Гордей','Владимирович',6),(1176,'1985-03-03','W','Булгакова','Евфросиния','Богдановна',7),(1177,'1988-06-14','W','Лапшина','Евпраксия','Ираклиевна',2),(1178,'1986-03-17','M','Бочаров','Герман','Юрьевич',8),(1179,'1989-02-25','W','Казакова','Феодора','Мстиславовна',4),(1180,'1995-09-10','W','Журавлева','Целестина','Варламовна',2),(1181,'1994-12-02','M','Парамонов','Родион','Викторович',11),(1182,'1988-06-08','W','Филиппова','Дарья','Романовна',9),(1183,'1994-02-13','M','Лобанов','Евгений','Геласиевич',9),(1184,'1978-03-31','M','Озеров','Родион','Олегович',11),(1185,'1990-07-18','M','Пантелеев','Константин','Дмитриевич',11),(1186,'1987-09-04','W','Васильева','Евгения','Ивановна',4),(1187,'1991-07-28','W','Зубкова','Феврония','Юлиановна',6),(1188,'1979-07-08','M','Беляков','Емельян','Ярославович',1),(1189,'1982-12-27','M','Королев','Климент','Фомич',4),(1190,'1988-02-24','W','Маркелова','Тамара','Кимовна',6),(1191,'1985-08-12','M','Ткачев','Леонид','Севастьянович',4),(1192,'1987-06-22','W','Федотова','Екатерина','Вячеславовна',9),(1193,'1994-03-21','M','Иванов','Афанасий','Тимофеевич',9),(1194,'1985-05-30','W','Зыкова','Вероника','Геласиевна',2),(1195,'1995-05-04','M','Цветков','Арсений','Архиппович',6),(1196,'1988-10-08','M','Буров','Алексей','Ильич',11),(1197,'1995-09-08','M','Измайлов','Ким','Альвианович',5),(1198,'1992-10-19','M','Пантелеев','Макар','Максимович',8),(1199,'1996-01-03','W','Колесова','Александра','Назаровна',6),(1200,'1989-08-28','W','Дорохова','Кира','Григориевна',10),(1201,'1994-03-09','M','Крылов','Ираклий','Макарович',11),(1202,'1986-08-02','M','Старостин','Агафон','Иванович',6),(1203,'1984-10-18','M','Степанов','Николай','Евсеевич',7),(1204,'1981-03-21','M','Муравьев','Георгий','Станиславович',8),(1205,'1985-06-28','W','Голубева','Ярослава','Касьяновна',6),(1206,'1988-02-10','M','Демьянов','Глеб','Авдеевич',3),(1207,'1987-08-16','M','Демьянов','Юлиан','Львович',1),(1208,'1993-02-12','M','Федосеев','Аристарх','Георгиевич',10),(1209,'1978-07-05','W','Колесова','Фаина','Кимовна',12),(1210,'1997-06-18','M','Дружинин','Феоктист','Власович',7),(1211,'1982-06-14','M','Лукин','Ким','Феликсович',3),(1212,'1992-04-25','W','Зуева','Иоанна','Данииловна',4),(1213,'1987-12-26','M','Миронов','Савелий','Николаевич',1),(1214,'1997-12-18','W','Мальцева','Римма','Вадимовна',12),(1215,'1996-01-19','M','Орлов','Аристарх','Вячеславович',4),(1216,'1996-11-05','W','Старикова','Римма','Юлиановна',13),(1217,'1981-03-29','W','Дьякова','Елена','Ермолаевна',1),(1218,'1997-03-09','W','Филатова','Алевтина','Галактионовна',12),(1219,'1978-12-20','M','Карпов','Ростислав','Святославович',6),(1220,'1978-10-26','W','Архипова','Евпраксия','Власовна',4),(1221,'1994-04-16','W','Чернышева','Евдокия','Прохоровна',12),(1222,'1984-07-16','W','Кулешова','Лилия','Матвеевна',9),(1223,'1988-07-15','M','Тарасов','Вадим','Аристархович',11),(1224,'1993-02-03','M','Бычков','Павел','Маркович',9),(1225,'1986-05-23','W','Калачева','Рада','Николаевна',6),(1226,'1988-10-30','W','Фролова','Вероника','Иулиановна',13),(1227,'1992-01-04','W','Ермолаева','Ангелина','Георгиевна',11),(1228,'1978-07-24','M','Гордеев','Варфоломей','Трофимович',10),(1229,'1991-05-20','M','Скворцов','Александр','Жданович',3),(1230,'1987-04-26','M','Медведев','Николай','Иванович',3),(1231,'1982-07-13','W','Калинина','Зинаида','Степановна',4),(1232,'1995-08-16','W','Успенская','Инна','Тарасовна',8),(1233,'1983-07-09','M','Горшков','Аркадий','Владимирович',1),(1234,'1995-09-15','M','Носов','Филат','Варфоломеевич',3),(1235,'1986-05-27','W','Черная','Елена','Авксентьевна',4),(1236,'1998-01-31','W','Субботина','Марина','Евдокимовна',1),(1237,'1997-08-15','W','Корнилова','Злата','Ираклиевна',5),(1238,'1997-04-16','M','Беляков','Викентий','Спиридонович',1),(1239,'1980-03-15','W','Измайлова','Лада','Витальевна',13),(1240,'1979-07-17','M','Золотов','Макар','Аверкиевич',11),(1241,'1998-02-01','M','Родин','Алексей','Васильвич',10),(1242,'1992-03-12','M','Маркин','Герман','Всеволодович',13),(1243,'1987-04-25','W','Мельникова','Алевтина','Евстафиевна',9),(1244,'1978-11-05','M','Терехов','Константин','Вадимович',9),(1245,'1981-09-03','W','Прохорова','Феврония','Ярославовна',2),(1246,'1987-11-22','M','Рудаков','Виталий','Филатович',3),(1247,'1988-02-22','M','Крючков','Егор','Авксентьевич',3),(1248,'1989-12-24','M','Пирогов','Алексей','Самуилович',10),(1249,'1978-03-24','M','Лебедев','Арсений','Савелиевич',4),(1250,'1989-09-28','W','Галкина','Ярослава','Борисовна',1),(1251,'1992-12-28','M','Архипов','Герман','Филатович',6),(1252,'1988-05-15','W','Королькова','Валерия','Владленовна',4),(1253,'1980-10-10','M','Виноградов','Валентин','Артёмович',2),(1254,'1983-08-01','M','Корнев','Никита','Валентинович',13),(1255,'1988-01-22','M','Климов','Влас','Атольевич',9),(1256,'1993-12-13','W','Клюева','Инесса','Евграфовна',3),(1257,'1980-11-21','W','Александрова','Надежда','Артемовна',4),(1258,'1995-07-21','M','Розанов','Валерий','Михайлович',11),(1259,'1989-10-26','W','Шевцова','Епистима','Зиновиевна',4),(1260,'1978-05-05','W','Еремеева','Алевтина','Ростиславовна',5),(1261,'1984-05-18','W','Суворова','Лада','Макаровна',6),(1262,'1992-05-19','W','Фадеева','Фёкла','Трофимовна',4),(1263,'1987-11-30','W','Кононова','Людмила','Вениаминовна',11),(1264,'1989-02-28','M','Зорин','Максим','Харитонович',5),(1265,'1987-08-15','M','Леонов','Добрыня','Никанорович',7),(1266,'1997-05-29','W','Болдырева','Василиса','Архипповна',2),(1267,'1986-06-12','W','Волкова','Серафима','Львовна',6),(1268,'1983-07-06','M','Виноградов','Яков','Ярославович',10),(1269,'1981-04-17','M','Бородин','Кирилл','Тимурович',12),(1270,'1988-04-14','W','Дьяконова','Анжелика','Геннадиевна',3),(1271,'1984-04-28','M','Сахаров','Ростислав','Тимофеевич',9),(1272,'1981-09-14','M','Шевцов','Климент','Емельянович',12),(1273,'1982-06-28','W','Королева','Епистима','Леонидовна',13),(1274,'1980-07-11','M','Казанцев','Сергей','Святославович',8),(1275,'1995-12-10','M','Гордеев','Матвей','Максимович',3),(1276,'1978-07-08','M','Сидоров','Никанор','Кузьмич',9),(1277,'1986-02-23','M','Одинцов','Мартын','Гаврилович',3),(1278,'1990-11-01','W','Ерофеева','Ульяна','Никоновна',3),(1279,'1987-05-31','M','Потапов','Мстислав','Альбертович',10),(1280,'1996-02-28','W','Шевелева','Дана','Константиновна',8),(1281,'1990-04-05','M','Матвеев','Семён','Фомич',1),(1282,'1998-01-14','W','Верещагина','Галина','Георгиевна',5),(1283,'1989-10-05','W','Олейникова','Марфа','Трифоновна',2),(1284,'1990-02-11','M','Аникин','Авдей','Никонович',1),(1285,'1996-03-19','M','Лосев','Родион','Антонович',7),(1286,'1978-03-16','W','Минина','Ираида','Никаноровна',10),(1287,'1979-01-09','W','Новикова','Римма','Тимуровна',3),(1288,'1980-10-26','W','Балашова','Тамара','Филатовна',8),(1289,'1979-11-22','W','Бессонова','Ярослава','Потаповна',9),(1290,'1978-06-19','W','Зубова','Кира','Вячеславовна',8),(1291,'1993-02-03','M','Киреев','Никон','Ираклиевич',9),(1292,'1993-12-14','M','Титов','Фёдор','Владленович',2),(1293,'1984-06-20','W','Минина','Ксения','Валентиновна',12),(1294,'1994-03-30','M','Давыдов','Юлиан','Евдокимович',5),(1295,'1989-05-14','M','Шмелев','Всеволод','Антонович',12),(1296,'1987-06-19','M','Серебряков','Владислав','Андреевич',10),(1297,'1992-05-25','W','Миронова','Ия','Митрофановна',2),(1298,'1979-10-28','M','Воронин','Альберт','Родионович',7),(1299,'1986-02-16','M','Царев','Юрий','Львович',9),(1300,'1980-12-19','W','Белкина','Епистима','Дмитриевна',4),(1301,'1989-03-09','W','Федотова','Галина','Святославовна',11),(1302,'1993-06-12','W','Черкасова','Иоанна','Виссарионовна',2),(1303,'1993-02-01','M','Золотарев','Сильвестр','Александрович',1),(1304,'1994-03-23','W','Зотова','Ангелина','Тихоновна',5),(1305,'1998-01-13','W','Авдеева','Инга','Мстиславовна',6),(1306,'1989-05-12','W','Черкасова','Ираида','Алексеевна',7),(1307,'1998-01-02','M','Широков','Христофор','Демидович',10),(1308,'1993-11-30','M','Щеглов','Еремей','Еремеевич',11),(1309,'1982-05-06','M','Панин','Агафон','Семёнович',4),(1310,'1986-08-24','W','Ермолова','Таисия','Иннокентиевна',9),(1311,'1978-11-05','W','Свешникова','Вера','Степановна',13),(1312,'1985-04-08','W','Комарова','Ольга','Гавриловна',10),(1313,'1978-05-29','W','Чернышева','Алевтина','Тарасовна',4),(1314,'1997-11-24','M','Исаев','Самуил','Савелиевич',3),(1315,'1993-04-05','W','Сергеева','Антонина','Марковна',7),(1316,'1990-03-23','M','Ситников','Богдан','Дорофеевич',5),(1317,'1986-01-30','M','Агеев','Гордей','Григориевич',6),(1318,'1982-08-02','W','Самойлова','Надежда','Федосеевна',7),(1319,'1991-09-11','M','Тихонов','Геласий','Евгениевич',2),(1320,'1982-04-21','M','Гуров','Михаил','Эдуардович',7),(1321,'1984-08-13','M','Кочетков','Егор','Ермолаевич',7),(1322,'1995-01-18','W','Кулагина','Нина','Кузьминична',4),(1323,'1980-02-24','M','Головин','Геласий','Богданович',7),(1324,'1997-06-30','M','Савицкий','Ираклий','Лаврентиевич',1),(1325,'1980-03-09','M','Долгов','Кузьма','Антонинович',7),(1326,'1994-08-04','W','Бирюкова','Евгения','Донатовна',3),(1327,'1994-01-16','W','Минина','Прасковья','Гордеевна',5),(1328,'1989-09-17','M','Вишневский','Василий','Касьянович',6),(1329,'1996-08-27','W','Артемова','Целестина','Денисовна',7),(1330,'1980-07-19','W','Моргунова','Анастасия','Платоновна',13),(1331,'1991-11-20','M','Родионов','Платон','Галактионович',10),(1332,'1982-08-10','M','Белоусов','Антон','Аверкиевич',8),(1333,'1991-09-30','W','Жилина','Карина','Авксентьевна',6),(1334,'1983-09-02','W','Еремина','Пинна','Тимуровна',10),(1335,'1995-04-03','M','Уткин','Никанор','Игоревич',10),(1336,'1979-04-26','W','Глухова','Светлана','Фаддеевна',8),(1337,'1983-02-14','W','Кузина','Евдокия','Вениаминовна',12),(1338,'1988-11-09','M','Успенский','Альвиан','Мартынович',13),(1339,'1986-05-20','W','Жарова','Юлия','Ильинична',6),(1340,'1995-03-18','W','Касьянова','Жанна','Митрофановна',4),(1341,'1983-09-20','M','Фетисов','Олег','Венедиктович',9),(1342,'1981-02-10','W','Кузьмина','Жанна','Никоновна',6),(1343,'1992-03-27','W','Киселева','Юлия','Алексеевна',10),(1344,'1996-03-31','M','Свиридов','Ким','Артурович',4),(1345,'1980-01-15','M','Алехин','Прохор','Федосеевич',1),(1346,'1984-12-24','M','Круглов','Добрыня','Вениаминович',5),(1347,'1994-04-02','W','Львова','Ермиония','Христофоровна',10),(1348,'1995-08-21','W','Кононова','Наталья','Афанасьевна',7),(1349,'1979-09-22','M','Постников','Артур','Севастьянович',13),(1350,'1993-11-29','M','Поляков','Виссарион','Иванович',9),(1351,'1987-06-02','W','Платонова','София','Лаврентиевна',10),(1352,'1987-07-14','W','Серова','Дарья','Дмитриевна',10),(1353,'1997-12-18','M','Лопатин','Потап','Антонинович',7),(1354,'1997-08-08','W','Новикова','Валентина','Никоновна',11),(1355,'1992-06-18','M','Никулин','Степан','Авксентьевич',13),(1356,'1978-04-23','M','Басов','Климент','Григориевич',11),(1357,'1980-12-14','M','Черных','Ростислав','Петрович',4),(1358,'1981-10-30','W','Черкасова','Антонина','Аркадиевна',11),(1359,'1990-01-14','M','Пастухов','Всеволод','Савелиевич',9),(1360,'1986-07-09','W','Покровская','Ярослава','Владимировна',11),(1361,'1988-11-02','W','Кондратьева','Любовь','Денисовна',9),(1362,'1986-01-16','M','Мартынов','Михаил','Дмитриевич',1),(1363,'1990-09-02','W','Павловская','Галина','Филипповна',5),(1364,'1989-09-06','M','Беликов','Ростислав','Иннокентиевич',6),(1365,'1989-08-12','W','Волкова','София','Кирилловна',2),(1366,'1985-01-29','W','Долгова','Полина','Аристарховна',11),(1367,'1991-09-14','M','Корнев','Леонид','Игнатиевич',10),(1368,'1992-05-14','W','Моргунова','Юлия','Ждановна',12),(1369,'1996-12-24','M','Семенов','Прохор','Антонинович',4),(1370,'1997-04-07','M','Ерофеев','Спиридон','Фёдорович',9),(1371,'1985-05-28','W','Григорьева','Каролина','Корнилиевна',1),(1372,'1985-02-03','W','Иванова','Карина','Николаевна',11),(1373,'1981-01-12','W','Смирнова','Елизавета','Святославовна',3),(1374,'1990-08-15','W','Лебедева','Мирослава','Савелиевна',11),(1375,'1978-11-28','M','Кондратьев','Дорофей','Иулианович',7),(1376,'1978-04-08','M','Гуляев','Егор','Герасимович',8),(1377,'1979-07-02','W','Чернышева','Мария','Васильевна',7),(1378,'1988-05-08','W','Калашникова','Ангелина','Сергеевна',13),(1379,'1984-10-06','W','Харитонова','Анжелика','Юрьевна',10),(1380,'1997-07-09','M','Калашников','Харитон','Никанорович',5),(1381,'1980-06-01','M','Майоров','Филат','Исидорович',9),(1382,'1981-12-21','W','Игнатова','Дарья','Мстиславовна',7),(1383,'1994-07-21','M','Егоров','Степан','Родионович',8),(1384,'1985-08-09','M','Скворцов','Митрофан','Юлианович',7),(1385,'1979-10-31','W','Карасева','Алевтина','Иринеевна',4),(1386,'1993-05-25','W','Черныха','Инна','Фаддеевна',3),(1387,'1982-12-25','W','Шаповалова','Нонна','Артемовна',2),(1388,'1994-08-12','W','Верещагина','Татьяна','Михайловна',6),(1389,'1988-01-26','W','Корнеева','Фаина','Трофимовна',11),(1390,'1993-11-29','W','Бондарева','Акулина','Викторовна',3),(1391,'1995-09-24','W','Никифорова','Пелагея','Афанасьевна',12),(1392,'1984-03-11','M','Кулагин','Викентий','Эдуардович',10),(1393,'1988-05-04','M','Бобров','Антон','Емельянович',9),(1394,'1987-06-18','M','Хромов','Кирилл','Назарович',13),(1395,'1985-10-10','M','Авдеев','Тихон','Ярославович',13),(1396,'1980-01-17','M','Куликов','Станислав','Эрастович',4),(1397,'1979-09-03','M','Елисеев','Семён','Вениаминович',4),(1398,'1997-01-02','W','Столярова','Галина','Кирилловна',2),(1399,'1980-06-06','W','Кожевникова','Антонина','Глебовна',6),(1400,'1997-03-03','M','Иванов','Афанасий','Корнилиевич',4),(1401,'1991-05-25','W','Туманова','Лидия','Куприяновна',2),(1402,'1990-02-28','M','Бессонов','Станислав','Григориевич',11),(1403,'1992-07-26','W','Лыкова','Инна','Викторовна',9),(1404,'1984-07-22','M','Лукьянов','Артур','Борисович',11),(1405,'1994-10-06','M','Селиванов','Ефим','Самуилович',11),(1406,'1987-05-19','M','Зверев','Вениамин','Львович',13),(1407,'1994-11-05','M','Орехов','Фаддей','Савелиевич',6),(1408,'1988-05-23','M','Савельев','Еремей','Валерьянович',13),(1409,'1995-08-23','W','Трошина','Иоанна','Фёдоровна',6),(1410,'1995-07-24','W','Дроздова','Снежана','Христофоровна',10),(1411,'1989-09-22','W','Гущина','Мирослава','Евсеевна',12),(1412,'1979-03-27','W','Косарева','Вера','Мирославовна',6),(1413,'1996-03-16','M','Фирсов','Игнатий','Иринеевич',9),(1414,'1992-04-11','M','Богданов','Корнилий','Корнилиевич',5),(1415,'1978-03-29','W','Краснова','Ульяна','Юлиановна',2),(1416,'1992-01-22','M','Губанов','Викентий','Варламович',1),(1417,'1992-10-26','W','Рябова','Маргарита','Леонтиевна',13),(1418,'1985-03-18','W','Булатова','Алина','Григориевна',6),(1419,'1995-03-13','M','Ермаков','Нестор','Куприянович',5),(1420,'1995-03-20','M','Коновалов','Виталий','Венедиктович',8),(1421,'1986-07-21','M','Ерофеев','Христофор','Аверкиевич',11),(1422,'1993-01-03','W','Туманова','Акулина','Максимовна',11),(1423,'1994-01-15','W','Скворцова','Лидия','Глебовна',4),(1424,'1982-09-11','M','Голубев','Митрофан','Самуилович',13),(1425,'1984-07-05','W','Минина','Оксана','Григориевна',7),(1426,'1993-01-14','M','Лавров','Вячеслав','Викентиевич',6),(1427,'1988-08-22','M','Кудрявцев','Касьян','Никанорович',2),(1428,'1996-03-02','M','Кукушкин','Викентий','Глебович',8),(1429,'1991-11-05','W','Сизова','Инесса','Ефимовна',6),(1430,'1992-10-28','W','Григорьева','Инга','Спиридоновна',6),(1431,'1992-10-06','W','Ковалева','Варвара','Альвиановна',13),(1432,'1987-03-09','W','Трифонова','Алевтина','Варфоломеевна',8),(1433,'1982-09-06','W','Шувалова','Матрёна','Евгениевна',12),(1434,'1988-10-20','M','Крюков','Леонтий','Всеволодович',5),(1435,'1981-10-23','M','Носов','Самуил','Харитонович',2),(1436,'1996-07-07','W','Фролова','Валерия','Максимовна',3),(1437,'1983-01-10','W','Курочкина','Епистима','Гордеевна',4),(1438,'1996-10-04','W','Синицына','Ольга','Евдокимовна',8),(1439,'1987-05-28','W','Зыкова','Любовь','Ефимовна',10),(1440,'1993-06-01','M','Аксенов','Арсений','Потапович',4),(1441,'1989-05-20','W','Латышева','Клавдия','Севастьяновна',13),(1442,'1982-09-19','W','Розанова','Дарья','Галактионовна',6),(1443,'1994-11-17','M','Синицын','Илья','Авксентьевич',10),(1444,'1988-07-06','M','Родин','Самуил','Дмитриевич',13),(1445,'1979-02-16','M','Чесноков','Ким','Тихонович',13),(1446,'1978-12-20','M','Шульгин','Роман','Еремеевич',6),(1447,'1994-03-08','W','Сомова','Раиса','Венедиктовна',5),(1448,'1992-11-20','W','Позднякова','Яна','Климентовна',2),(1449,'1990-11-03','W','Александрова','Епистима','Аркадиевна',2),(1450,'1994-04-03','W','Казакова','Феврония','Тимуровна',8),(1451,'1984-08-12','W','Кочергина','Антонина','Марковна',13),(1452,'1987-01-01','W','Лаврентьева','Мирослава','Антоновна',12),(1453,'1990-05-14','M','Самойлов','Святослав','Платонович',2),(1454,'1981-10-07','M','Шувалов','Глеб','Артурович',9),(1455,'1987-07-11','W','Шевцова','Фаина','Павловна',13),(1456,'1993-09-26','W','Лапина','Римма','Тихоновна',13),(1457,'1993-09-23','M','Митрофанов','Дорофей','Викентиевич',12),(1458,'1990-03-08','M','Андреев','Эраст','Геласиевич',2),(1459,'1979-04-21','W','Косарева','Иоанна','Христофоровна',2),(1460,'1987-08-01','W','Ермолаева','Вера','Вениаминовна',9),(1461,'1986-12-20','W','Блинова','Фаина','Евграфовна',6),(1462,'1982-07-17','W','Ильинская','Феврония','Мстиславовна',2),(1463,'1995-12-31','W','Громова','Алевтина','Тихоновна',11),(1464,'1980-02-19','W','Чижова','Лариса','Александровна',11),(1465,'1989-04-30','M','Демин','Донат','Евдокимович',6),(1466,'1984-07-23','W','Широкова','Елизавета','Харитоновна',12),(1467,'1984-03-22','M','Гришин','Феликс','Митрофанович',3),(1468,'1988-06-25','M','Раков','Венедикт','Александрович',2),(1469,'1980-06-12','W','Никулина','Фаина','Фомичечна',10),(1470,'1995-04-15','M','Чернов','Ираклий','Леонидович',13),(1471,'1981-11-13','M','Павлов','Максим','Вадимович',8),(1472,'1979-08-22','M','Исаев','Евгений','Русланович',12),(1473,'1991-02-10','M','Одинцов','Ярослав','Федосеевич',1),(1474,'1985-07-07','M','Лобанов','Донат','Геннадиевич',6),(1475,'1979-06-06','W','Вавилова','Карина','Варфоломеевна',6),(1476,'1986-12-01','W','Моисеева','Прасковья','Иулиановна',10),(1477,'1991-12-09','W','Козина','Наталья','Викентиевна',3),(1478,'1990-02-15','W','Савельева','Василиса','Авдеевна',7),(1479,'1982-06-09','W','Царева','Наталья','Данииловна',2),(1480,'1989-09-28','W','Минина','Полина','Агафоновна',6),(1481,'1997-11-08','W','Цветкова','Жанна','Назаровна',8),(1482,'1982-04-21','W','Шарова','Светлана','Олеговна',6),(1483,'1996-02-24','W','Старостина','Каролина','Ираклиевна',12),(1484,'1988-10-16','M','Баранов','Иван','Тимофеевич',12),(1485,'1981-06-23','M','Громов','Арсений','Сергеевич',10),(1486,'1981-05-06','M','Добрынин','Ириней','Борисович',12),(1487,'1985-03-15','W','Панфилова','Анжелика','Эдуардовна',7),(1488,'1980-08-18','W','Мешкова','Анжелика','Авксентьевна',4),(1489,'1989-10-26','M','Панин','Альберт','Варфоломеевич',7),(1490,'1991-09-03','W','Гусева','Ольга','Тарасовна',4),(1491,'1989-05-14','M','Козловский','Гавриил','Жданович',4),(1492,'1996-11-08','W','Терехова','Рада','Герасимовна',11),(1493,'1987-11-28','W','Козлова','Агафья','Константиновна',3),(1494,'1989-05-05','W','Гаврилова','Феодора','Самуиловна',4),(1495,'1978-12-25','W','Воронова','Галина','Викентиевна',6),(1496,'1980-09-27','M','Севастьянов','Кондрат','Емельянович',3),(1497,'1995-12-01','W','Жилина','Фёкла','Самуиловна',5),(1498,'1981-12-21','W','Косарева','София','Вениаминовна',2),(1499,'1992-11-07','M','Комаров','Архипп','Ярославович',8),(1500,'1979-10-07','W','Швецова','Евфросиния','Ростиславовна',3);
/*!40000 ALTER TABLE `personnels` ENABLE KEYS */;
UNLOCK TABLES;

--
-- Table structure for table `rusManNames`
--

DROP TABLE IF EXISTS `rusManNames`;
/*!40101 SET @saved_cs_client     = @@character_set_client */;
/*!40101 SET character_set_client = utf8 */;
CREATE TABLE `rusManNames` (
  `Id` int(11) NOT NULL AUTO_INCREMENT,
  `mname` varchar(30) NOT NULL,
  `mpatronymic` varchar(30) NOT NULL,
  `wpatronymic` varchar(30) NOT NULL,
  PRIMARY KEY (`Id`),
  UNIQUE KEY `mname` (`mname`),
  UNIQUE KEY `mpatronymic` (`mpatronymic`),
  UNIQUE KEY `wpatronymic` (`wpatronymic`)
) ENGINE=InnoDB AUTO_INCREMENT=153 DEFAULT CHARSET=utf8;
/*!40101 SET character_set_client = @saved_cs_client */;

--
-- Dumping data for table `rusManNames`
--

LOCK TABLES `rusManNames` WRITE;
/*!40000 ALTER TABLE `rusManNames` DISABLE KEYS */;
INSERT INTO `rusManNames` VALUES (1,'Авдей','Авдеевич','Авдеевна'),(2,'Аверкий','Аверкиевич','Аверкиевна'),(3,'Авксентий','Авксентьевич','Авксентьевна'),(4,'Агафон','Агафонович','Агафоновна'),(5,'Александр','Александрович','Александровна'),(6,'Алексей','Алексеевич','Алексеевна'),(7,'Альберт','Альбертович','Альбертовна'),(8,'Альвиан','Альвианович','Альвиановна'),(9,'Анатолий','Атольевич','Анатольевна'),(10,'Андрей','Андреевич','Андреевна'),(11,'Антон','Антонович','Антоновна'),(12,'Антонин','Антонинович','Антониновна'),(13,'Анфим','Анфимович','Анфимовна'),(14,'Аристарх','Аристархович','Аристарховна'),(15,'Аркадий','Аркадиевич','Аркадиевна'),(16,'Арсений','Арсеньевич','Арсеньевна'),(17,'Артём','Артёмович','Артемовна'),(18,'Артур','Артурович','Артуровна'),(19,'Архипп','Архиппович','Архипповна'),(20,'Афанасий','Афанасьевич','Афанасьевна'),(21,'Богдан','Богданович','Богдановна'),(22,'Борис','Борисович','Борисовна'),(23,'Вадим','Вадимович','Вадимовна'),(24,'Валентин','Валентинович','Валентиновна'),(25,'Валерий','Валерьевич','Валерьевна'),(26,'Валерьян','Валерьянович','Валерьяновна'),(27,'Варлам','Варламович','Варламовна'),(28,'Варфоломей','Варфоломеевич','Варфоломеевна'),(29,'Василий','Васильвич','Васильевна'),(30,'Венедикт','Венедиктович','Венедиктовна'),(31,'Вениамин','Вениаминович','Вениаминовна'),(32,'Викентий','Викентиевич','Викентиевна'),(33,'Виктор','Викторович','Викторовна'),(34,'Виссарион','Виссарионович','Виссарионовна'),(35,'Виталий','Витальевич','Витальевна'),(36,'Владимир','Владимирович','Владимировна'),(37,'Владислав','Владиславович','Владиславовна'),(38,'Владлен','Владленович','Владленовна'),(39,'Влас','Власович','Власовна'),(40,'Всеволод','Всеволодович','Всеволодовна'),(41,'Вячеслав','Вячеславович','Вячеславовна'),(42,'Гавриил','Гаврилович','Гавриловна'),(43,'Галактион','Галактионович','Галактионовна'),(44,'Геласий','Геласиевич','Геласиевна'),(45,'Геннадий','Геннадиевич','Геннадиевна'),(46,'Георгий','Георгиевич','Георгиевна'),(47,'Герасим','Герасимович','Герасимовна'),(48,'Герман','Германович','Германовна'),(49,'Глеб','Глебович','Глебовна'),(50,'Гордей','Гордеевич','Гордеевна'),(51,'Григорий','Григориевич','Григориевна'),(52,'Даниил','Даниилович','Данииловна'),(53,'Демид','Демидович','Демидовна'),(54,'Демьян','Демьянович','Демьяновна'),(55,'Денис','Денисович','Денисовна'),(56,'Дмитрий','Дмитриевич','Дмитриевна'),(57,'Добрыня','Добрыньевич','Добрыньевна'),(58,'Донат','Донатович','Донатовна'),(59,'Дорофей','Дорофеевич','Дорофеевна'),(60,'Евгений','Евгениевич','Евгениевна'),(61,'Евграф','Евграфович','Евграфовна'),(62,'Евдоким','Евдокимович','Евдокимовна'),(63,'Евсей','Евсеевич','Евсеевна'),(64,'Евстафий','Евстафиевич','Евстафиевна'),(65,'Егор','Егорович','Егоровна'),(66,'Емельян','Емельянович','Емельяновна'),(67,'Еремей','Еремеевич','Еремеевна'),(68,'Ермолай','Ермолаевич','Ермолаевна'),(69,'Ефим','Ефимович','Ефимовна'),(70,'Ждан','Жданович','Ждановна'),(71,'Зиновий','Зиновиевич','Зиновиевна'),(72,'Иван','Иванович','Ивановна'),(73,'Игнатий','Игнатиевич','Игнатиевна'),(74,'Игорь','Игоревич','Игоревна'),(75,'Илья','Ильич','Ильинична'),(76,'Иннокентий','Иннокентиевич','Иннокентиевна'),(77,'Ираклий','Ираклиевич','Ираклиевна'),(78,'Ириней','Иринеевич','Иринеевна'),(79,'Исидор','Исидорович','Исидоровна'),(80,'Иулиан','Иулианович','Иулиановна'),(81,'Касьян','Касьянович','Касьяновна'),(82,'Ким','Кимович','Кимовна'),(83,'Кирилл','Кириллович','Кирилловна'),(84,'Климент','Климентович','Климентовна'),(85,'Кондрат','Кондратьевич','Кондратьевна'),(86,'Константин','Константинович','Константиновна'),(87,'Корнилий','Корнилиевич','Корнилиевна'),(88,'Кузьма','Кузьмич','Кузьминична'),(89,'Куприян','Куприянович','Куприяновна'),(90,'Лаврентий','Лаврентиевич','Лаврентиевна'),(91,'Лев','Львович','Львовна'),(92,'Леонид','Леонидович','Леонидовна'),(93,'Леонтий','Леонтиевич','Леонтиевна'),(94,'Макар','Макарович','Макаровна'),(95,'Максим','Максимович','Максимовна'),(96,'Марк','Маркович','Марковна'),(97,'Мартын','Мартынович','Мартыновна'),(98,'Матвей','Матвеевич','Матвеевна'),(99,'Мирослав','Мирославович','Мирославовна'),(100,'Митрофан','Митрофанович','Митрофановна'),(101,'Михаил','Михайлович','Михайловна'),(102,'Мстислав','Мстиславович','Мстиславовна'),(103,'Назар','Назарович','Назаровна'),(104,'Нестор','Несторщвич','Несторовна'),(105,'Никанор','Никанорович','Никаноровна'),(106,'Никита','Никитич','Никитична'),(107,'Никифор','Никифорович','Никифоровна'),(108,'Николай','Николаевич','Николаевна'),(109,'Никон','Никонович','Никоновна'),(110,'Олег','Олегович','Олеговна'),(111,'Павел','Павлович','Павловна'),(112,'Пётр','Петрович','Петровна'),(113,'Платон','Платонович','Платоновна'),(114,'Потап','Потапович','Потаповна'),(115,'Прохор','Прохорович','Прохоровна'),(116,'Родион','Родионович','Родионовна'),(117,'Роман','Романович','Романовна'),(118,'Ростислав','Ростиславович','Ростиславовна'),(119,'Руслан','Русланович','Руслановна'),(120,'Савелий','Савелиевич','Савелиевна'),(121,'Самуил','Самуилович','Самуиловна'),(122,'Святослав','Святославович','Святославовна'),(123,'Севастьян','Севастьянович','Севастьяновна'),(124,'Семён','Семёнович','Семёновна'),(125,'Сергей','Сергеевич','Сергеевна'),(126,'Сильвестр','Сильвестровия','Сильвестровна'),(127,'Спиридон','Спиридонович','Спиридоновна'),(128,'Станислав','Станиславович','Станиславовна'),(129,'Степан','Степанович','Степановна'),(130,'Тарас','Тарасович','Тарасовна'),(131,'Тимофей','Тимофеевич','Тимофеевна'),(132,'Тимур','Тимурович','Тимуровна'),(133,'Тихон','Тихонович','Тихоновна'),(134,'Трифон','Трифонович','Трифоновна'),(135,'Трофим','Трофимович','Трофимовна'),(136,'Фаддей','Фаддеевич','Фаддеевна'),(137,'Фёдор','Фёдорович','Фёдоровна'),(138,'Федосей','Федосеевич','Федосеевна'),(139,'Федот','Федотович','Федотовна'),(140,'Феликс','Феликсович','Феликсовна'),(141,'Феоктист','Феоктистович','Феоктистовна'),(142,'Филат','Филатович','Филатовна'),(143,'Филипп','Филиппович','Филипповна'),(144,'Фома','Фомич','Фомичечна'),(145,'Харитон','Харитонович','Харитоновна'),(146,'Христофор','Христофорович','Христофоровна'),(147,'Эдуард','Эдуардович','Эдуардовна'),(148,'Эраст','Эрастович','Эрастовна'),(149,'Юлиан','Юлианович','Юлиановна'),(150,'Юрий','Юрьевич','Юрьевна'),(151,'Яков','Яковлевич','Яковлевна'),(152,'Ярослав','Ярославович','Ярославовна');
/*!40000 ALTER TABLE `rusManNames` ENABLE KEYS */;
UNLOCK TABLES;

--
-- Table structure for table `rusSurnames`
--

DROP TABLE IF EXISTS `rusSurnames`;
/*!40101 SET @saved_cs_client     = @@character_set_client */;
/*!40101 SET character_set_client = utf8 */;
CREATE TABLE `rusSurnames` (
  `Id` int(11) NOT NULL AUTO_INCREMENT,
  `msurname` varchar(30) NOT NULL,
  `wsurname` varchar(30) NOT NULL,
  PRIMARY KEY (`Id`),
  UNIQUE KEY `msurname` (`msurname`),
  UNIQUE KEY `wsurname` (`wsurname`)
) ENGINE=InnoDB AUTO_INCREMENT=504 DEFAULT CHARSET=utf8;
/*!40101 SET character_set_client = @saved_cs_client */;

--
-- Dumping data for table `rusSurnames`
--

LOCK TABLES `rusSurnames` WRITE;
/*!40000 ALTER TABLE `rusSurnames` DISABLE KEYS */;
INSERT INTO `rusSurnames` VALUES (1,'Иванов','Иванова'),(2,'Смирнов','Смирнова'),(3,'Кузнецов','Кузнецова'),(4,'Попов','Попова'),(5,'Васильев','Васильева'),(6,'Петров','Петрова'),(7,'Соколов','Соколова'),(8,'Михайлов','Михайлова'),(9,'Новиков','Новикова'),(10,'Федоров','Федорова'),(11,'Морозов','Морозова'),(12,'Волков','Волкова'),(13,'Алексеев','Алексеева'),(14,'Лебедев','Лебедева'),(15,'Семенов','Семенова'),(16,'Егоров','Егорова'),(17,'Павлов','Павлова'),(18,'Козлов','Козлова'),(19,'Степанов','Степанова'),(20,'Николаев','Николаева'),(21,'Орлов','Орлова'),(22,'Андреев','Андреева'),(23,'Макаров','Макарова'),(24,'Никитин','Никитина'),(25,'Захаров','Захарова'),(26,'Зайцев','Зайцева'),(27,'Соловьев','Соловьева'),(28,'Борисов','Борисова'),(29,'Яковлев','Яковлева'),(30,'Григорьев','Григорьева'),(31,'Романов','Романова'),(32,'Воробьев','Воробьева'),(33,'Сергеев','Сергеева'),(34,'Кузьмин','Кузьмина'),(35,'Фролов','Фролова'),(36,'Александров','Александрова'),(37,'Дмитриев','Дмитриева'),(38,'Королев','Королева'),(39,'Гусев','Гусева'),(40,'Киселев','Киселева'),(41,'Ильин','Ильина'),(42,'Максимов','Максимова'),(43,'Поляков','Полякова'),(44,'Сорокин','Сорокина'),(45,'Виноградов','Виноградова'),(46,'Ковалев','Ковалева'),(47,'Белов','Белова'),(48,'Медведев','Медведева'),(49,'Антонов','Антонова'),(50,'Тарасов','Тарасова'),(51,'Жуков','Жукова'),(52,'Баранов','Баранова'),(53,'Филиппов','Филиппова'),(54,'Комаров','Комарова'),(55,'Давыдов','Давыдова'),(56,'Беляев','Беляева'),(57,'Герасимов','Герасимова'),(58,'Богданов','Богданова'),(59,'Осипов','Осипова'),(60,'Сидоров','Сидорова'),(61,'Матвеев','Матвеева'),(62,'Титов','Титова'),(63,'Марков','Маркова'),(64,'Миронов','Миронова'),(65,'Крылов','Крылова'),(66,'Куликов','Куликова'),(67,'Карпов','Карпова'),(68,'Власов','Власова'),(69,'Мельников','Мельникова'),(70,'Денисов','Денисова'),(71,'Гаврилов','Гаврилова'),(72,'Тихонов','Тихонова'),(73,'Казаков','Казакова'),(74,'Афанасьев','Афанасьева'),(75,'Данилов','Данилова'),(76,'Савельев','Савельева'),(77,'Тимофеев','Тимофеева'),(78,'Фомин','Фомина'),(79,'Чернов','Чернова'),(80,'Абрамов','Абрамова'),(81,'Мартынов','Мартынова'),(82,'Ефимов','Ефимова'),(83,'Федотов','Федотова'),(84,'Щербаков','Щербакова'),(85,'Назаров','Назарова'),(86,'Калинин','Калинина'),(87,'Исаев','Исаева'),(88,'Чернышев','Чернышева'),(89,'Быков','Быкова'),(90,'Маслов','Маслова'),(91,'Родионов','Родионова'),(92,'Коновалов','Коновалова'),(93,'Лазарев','Лазарева'),(94,'Воронин','Воронина'),(95,'Климов','Климова'),(96,'Филатов','Филатова'),(97,'Пономарев','Пономарева'),(98,'Голубев','Голубева'),(99,'Кудрявцев','Кудрявцева'),(100,'Прохоров','Прохорова'),(101,'Наумов','Наумова'),(102,'Потапов','Потапова'),(103,'Журавлев','Журавлева'),(104,'Овчинников','Овчинникова'),(105,'Трофимов','Трофимова'),(106,'Леонов','Леонова'),(107,'Соболев','Соболева'),(108,'Ермаков','Ермакова'),(109,'Колесников','Колесникова'),(110,'Гончаров','Гончарова'),(111,'Емельянов','Емельянова'),(112,'Никифоров','Никифорова'),(113,'Грачев','Грачева'),(114,'Котов','Котова'),(115,'Гришин','Гришина'),(116,'Ефремов','Ефремова'),(117,'Архипов','Архипова'),(118,'Громов','Громова'),(119,'Кириллов','Кириллова'),(120,'Малышев','Малышева'),(121,'Панов','Панова'),(122,'Моисеев','Моисеева'),(123,'Румянцев','Румянцева'),(124,'Акимов','Акимова'),(125,'Кондратьев','Кондратьева'),(126,'Бирюков','Бирюкова'),(127,'Горбунов','Горбунова'),(128,'Анисимов','Анисимова'),(129,'Еремин','Еремина'),(130,'Тихомиров','Тихомирова'),(131,'Галкин','Галкина'),(132,'Лукьянов','Лукьянова'),(133,'Михеев','Михеева'),(134,'Скворцов','Скворцова'),(135,'Юдин','Юдина'),(136,'Белоусов','Белоусова'),(137,'Нестеров','Нестерова'),(138,'Симонов','Симонова'),(139,'Прокофьев','Прокофьева'),(140,'Харитонов','Харитонова'),(141,'Князев','Князева'),(142,'Цветков','Цветкова'),(143,'Левин','Левина'),(144,'Митрофанов','Митрофанова'),(145,'Воронов','Воронова'),(146,'Аксенов','Аксенова'),(147,'Софронов','Софронова'),(148,'Мальцев','Мальцева'),(149,'Логинов','Логинова'),(150,'Горшков','Горшкова'),(151,'Савин','Савина'),(152,'Краснов','Краснова'),(153,'Майоров','Майорова'),(154,'Демидов','Демидова'),(155,'Елисеев','Елисеева'),(156,'Рыбаков','Рыбакова'),(157,'Сафонов','Сафонова'),(158,'Плотников','Плотникова'),(159,'Демин','Демина'),(160,'Хохлов','Хохлова'),(161,'Фадеев','Фадеева'),(162,'Молчанов','Молчанова'),(163,'Игнатов','Игнатова'),(164,'Литвинов','Литвинова'),(165,'Ершов','Ершова'),(166,'Ушаков','Ушакова'),(167,'Дементьев','Дементьева'),(168,'Рябов','Рябова'),(169,'Мухин','Мухина'),(170,'Калашников','Калашникова'),(171,'Леонтьев','Леонтьева'),(172,'Лобанов','Лобанова'),(173,'Кузин','Кузина'),(174,'Корнеев','Корнеева'),(175,'Евдокимов','Евдокимова'),(176,'Бородин','Бородина'),(177,'Платонов','Платонова'),(178,'Некрасов','Некрасова'),(179,'Балашов','Балашова'),(180,'Бобров','Боброва'),(181,'Жданов','Жданова'),(182,'Блинов','Блинова'),(183,'Игнатьев','Игнатьева'),(184,'Коротков','Короткова'),(185,'Муравьев','Муравьева'),(186,'Крюков','Крюкова'),(187,'Беляков','Белякова'),(188,'Богомолов','Богомолова'),(189,'Дроздов','Дроздова'),(190,'Лавров','Лаврова'),(191,'Зуев','Зуева'),(192,'Петухов','Петухова'),(193,'Ларин','Ларина'),(194,'Никулин','Никулина'),(195,'Серов','Серова'),(196,'Терентьев','Терентьева'),(197,'Зотов','Зотова'),(198,'Устинов','Устинова'),(199,'Фокин','Фокина'),(200,'Самойлов','Самойлова'),(201,'Константинов','Константинова'),(202,'Сахаров','Сахарова'),(203,'Шишкин','Шишкина'),(204,'Самсонов','Самсонова'),(205,'Черкасов','Черкасова'),(206,'Чистяков','Чистякова'),(207,'Носов','Носова'),(208,'Спиридонов','Спиридонова'),(209,'Карасев','Карасева'),(210,'Авдеев','Авдеева'),(211,'Воронцов','Воронцова'),(212,'Зверев','Зверева'),(213,'Владимиров','Владимирова'),(214,'Селезнев','Селезнева'),(215,'Нечаев','Нечаева'),(216,'Кудряшов','Кудряшова'),(217,'Седов','Седова'),(218,'Фирсов','Фирсова'),(219,'Андрианов','Андрианова'),(220,'Панин','Панина'),(221,'Головин','Головина'),(222,'Терехов','Терехова'),(223,'Ульянов','Ульянова'),(224,'Шестаков','Шестакова'),(225,'Агеев','Агеева'),(226,'Никонов','Никонова'),(227,'Селиванов','Селиванова'),(228,'Баженов','Баженова'),(229,'Гордеев','Гордеева'),(230,'Кожевников','Кожевникова'),(231,'Пахомов','Пахомова'),(232,'Зимин','Зимина'),(233,'Костин','Костина'),(234,'Широков','Широкова'),(235,'Филимонов','Филимонова'),(236,'Ларионов','Ларионова'),(237,'Овсянников','Овсянникова'),(238,'Сазонов','Сазонова'),(239,'Суворов','Суворова'),(240,'Нефедов','Нефедова'),(241,'Корнилов','Корнилова'),(242,'Любимов','Любимова'),(243,'Львов','Львова'),(244,'Горбачев','Горбачева'),(245,'Копылов','Копылова'),(246,'Лукин','Лукина'),(247,'Токарев','Токарева'),(248,'Кулешов','Кулешова'),(249,'Шилов','Шилова'),(250,'Большаков','Большакова'),(251,'Панкратов','Панкратова'),(252,'Родин','Родина'),(253,'Шаповалов','Шаповалова'),(254,'Покровский','Покровская'),(255,'Бочаров','Бочарова'),(256,'Никольский','Никольская'),(257,'Маркин','Маркина'),(258,'Горелов','Горелова'),(259,'Агафонов','Агафонова'),(260,'Березин','Березина'),(261,'Ермолаев','Ермолаева'),(262,'Зубков','Зубкова'),(263,'Куприянов','Куприянова'),(264,'Трифонов','Трифонова'),(265,'Масленников','Масленникова'),(266,'Круглов','Круглова'),(267,'Третьяков','Третьякова'),(268,'Колосов','Колосова'),(269,'Рожков','Рожкова'),(270,'Артамонов','Артамонова'),(271,'Шмелев','Шмелева'),(272,'Лаптев','Лаптева'),(273,'Лапшин','Лапшина'),(274,'Федосеев','Федосеева'),(275,'Зиновьев','Зиновьева'),(276,'Зорин','Зорина'),(277,'Уткин','Уткина'),(278,'Столяров','Столярова'),(279,'Зубов','Зубова'),(280,'Ткачев','Ткачева'),(281,'Дорофеев','Дорофеева'),(282,'Антипов','Антипова'),(283,'Завьялов','Завьялова'),(284,'Свиридов','Свиридова'),(285,'Золотарев','Золотарева'),(286,'Кулаков','Кулакова'),(287,'Мещеряков','Мещерякова'),(288,'Макеев','Макеева'),(289,'Дьяконов','Дьяконова'),(290,'Гуляев','Гуляева'),(291,'Петровский','Петровская'),(292,'Бондарев','Бондарева'),(293,'Поздняков','Позднякова'),(294,'Панфилов','Панфилова'),(295,'Кочетков','Кочеткова'),(296,'Суханов','Суханова'),(297,'Рыжов','Рыжова'),(298,'Старостин','Старостина'),(299,'Калмыков','Калмыкова'),(300,'Колесов','Колесова'),(301,'Золотов','Золотова'),(302,'Кравцов','Кравцова'),(303,'Субботин','Субботина'),(304,'Шубин','Шубина'),(305,'Щукин','Щукина'),(306,'Лосев','Лосева'),(307,'Винокуров','Винокурова'),(308,'Лапин','Лапина'),(309,'Парфенов','Парфенова'),(310,'Исаков','Исакова'),(311,'Голованов','Голованова'),(312,'Коровин','Коровина'),(313,'Розанов','Розанова'),(314,'Артемов','Артемова'),(315,'Козырев','Козырева'),(316,'Русаков','Русакова'),(317,'Алешин','Алешина'),(318,'Крючков','Крючкова'),(319,'Булгаков','Булгакова'),(320,'Кошелев','Кошелева'),(321,'Сычев','Сычева'),(322,'Синицын','Синицына'),(323,'Черных','Черныха'),(324,'Рогов','Рогова'),(325,'Кононов','Кононова'),(326,'Лаврентьев','Лаврентьева'),(327,'Евсеев','Евсеева'),(328,'Пименов','Пименова'),(329,'Пантелеев','Пантелеева'),(330,'Горячев','Горячева'),(331,'Аникин','Аникина'),(332,'Лопатин','Лопатина'),(333,'Рудаков','Рудакова'),(334,'Одинцов','Одинцова'),(335,'Серебряков','Серебрякова'),(336,'Панков','Панкова'),(337,'Дегтярев','Дегтярева'),(338,'Орехов','Орехова'),(339,'Царев','Царева'),(340,'Шувалов','Шувалова'),(341,'Кондрашов','Кондрашова'),(342,'Горюнов','Горюнова'),(343,'Дубровин','Дубровина'),(344,'Голиков','Голикова'),(345,'Курочкин','Курочкина'),(346,'Латышев','Латышева'),(347,'Севастьянов','Севастьянова'),(348,'Вавилов','Вавилова'),(349,'Ерофеев','Ерофеева'),(350,'Сальников','Сальникова'),(351,'Клюев','Клюева'),(352,'Носков','Носкова'),(353,'Озеров','Озерова'),(354,'Кольцов','Кольцова'),(355,'Комиссаров','Комиссарова'),(356,'Меркулов','Меркулова'),(357,'Киреев','Киреева'),(358,'Хомяков','Хомякова'),(359,'Булатов','Булатова'),(360,'Ананьев','Ананьева'),(361,'Буров','Бурова'),(362,'Шапошников','Шапошникова'),(363,'Дружинин','Дружинина'),(364,'Островский','Островская'),(365,'Шевелев','Шевелева'),(366,'Долгов','Долгова'),(367,'Суслов','Суслова'),(368,'Шевцов','Шевцова'),(369,'Пастухов','Пастухова'),(370,'Рубцов','Рубцова'),(371,'Бычков','Бычкова'),(372,'Глебов','Глебова'),(373,'Ильинский','Ильинская'),(374,'Успенский','Успенская'),(375,'Дьяков','Дьякова'),(376,'Кочетов','Кочетова'),(377,'Вишневский','Вишневская'),(378,'Высоцкий','Высоцкая'),(379,'Глухов','Глухова'),(380,'Дубов','Дубова'),(381,'Бессонов','Бессонова'),(382,'Ситников','Ситникова'),(383,'Астафьев','Астафьева'),(384,'Мешков','Мешкова'),(385,'Шаров','Шарова'),(386,'Яшин','Яшина'),(387,'Козловский','Козловская'),(388,'Туманов','Туманова'),(389,'Басов','Басова'),(390,'Корчагин','Корчагина'),(391,'Болдырев','Болдырева'),(392,'Олейников','Олейникова'),(393,'Чумаков','Чумакова'),(394,'Фомичев','Фомичева'),(395,'Губанов','Губанова'),(396,'Дубинин','Дубинина'),(397,'Шульгин','Шульгина'),(398,'Касаткин','Касаткина'),(399,'Пирогов','Пирогова'),(400,'Семин','Семина'),(401,'Трошин','Трошина'),(402,'Горохов','Горохова'),(403,'Стариков','Старикова'),(404,'Щеглов','Щеглова'),(405,'Фетисов','Фетисова'),(406,'Колпаков','Колпакова'),(407,'Чесноков','Чеснокова'),(408,'Зыков','Зыкова'),(409,'Верещагин','Верещагина'),(410,'Минаев','Минаева'),(411,'Руднев','Руднева'),(412,'Троицкий','Троицкая'),(413,'Окулов','Окулова'),(414,'Ширяев','Ширяева'),(415,'Малинин','Малинина'),(416,'Черепанов','Черепанова'),(417,'Измайлов','Измайлова'),(418,'Алехин','Алехина'),(419,'Зеленин','Зеленина'),(420,'Касьянов','Касьянова'),(421,'Пугачев','Пугачева'),(422,'Павловский','Павловская'),(423,'Чижов','Чижова'),(424,'Кондратов','Кондратова'),(425,'Воронков','Воронкова'),(426,'Капустин','Капустина'),(427,'Сотников','Сотникова'),(428,'Демьянов','Демьянова'),(429,'Косарев','Косарева'),(430,'Беликов','Беликова'),(431,'Сухарев','Сухарева'),(432,'Белкин','Белкина'),(433,'Беспалов','Беспалова'),(434,'Кулагин','Кулагина'),(435,'Савицкий','Савицкая'),(436,'Жаров','Жарова'),(437,'Хромов','Хромова'),(438,'Еремеев','Еремеева'),(439,'Карташов','Карташова'),(440,'Астахов','Астахова'),(441,'Русанов','Русанова'),(442,'Сухов','Сухова'),(443,'Вешняков','Вешнякова'),(444,'Волошин','Волошина'),(445,'Козин','Козина'),(446,'Худяков','Худякова'),(447,'Жилин','Жилина'),(448,'Малахов','Малахова'),(449,'Сизов','Сизова'),(450,'Ежов','Ежова'),(451,'Толкачев','Толкачева'),(452,'Анохин','Анохина'),(453,'Вдовин','Вдовина'),(454,'Бабушкин','Бабушкина'),(455,'Усов','Усова'),(456,'Лыков','Лыкова'),(457,'Горлов','Горлова'),(458,'Коршунов','Коршунова'),(459,'Маркелов','Маркелова'),(460,'Постников','Постникова'),(461,'Черный','Черная'),(462,'Дорохов','Дорохова'),(463,'Свешников','Свешникова'),(464,'Гущин','Гущина'),(465,'Калугин','Калугина'),(466,'Блохин','Блохина'),(467,'Сурков','Суркова'),(468,'Кочергин','Кочергина'),(469,'Греков','Грекова'),(470,'Казанцев','Казанцева'),(471,'Швецов','Швецова'),(472,'Ермилов','Ермилова'),(473,'Парамонов','Парамонова'),(474,'Агапов','Агапова'),(475,'Минин','Минина'),(476,'Корнев','Корнева'),(477,'Черняев','Черняева'),(478,'Гуров','Гурова'),(479,'Ермолов','Ермолова'),(480,'Сомов','Сомова'),(481,'Добрынин','Добрынина'),(482,'Барсуков','Барсукова'),(483,'Глушков','Глушкова'),(484,'Чеботарев','Чеботарева'),(485,'Москвин','Москвина'),(486,'Уваров','Уварова'),(487,'Безруков','Безрукова'),(488,'Муратов','Муратова'),(489,'Раков','Ракова'),(490,'Снегирев','Снегирева'),(491,'Гладков','Гладкова'),(492,'Злобин','Злобина'),(493,'Моргунов','Моргунова'),(494,'Поликарпов','Поликарпова'),(495,'Рябинин','Рябинина'),(496,'Судаков','Судакова'),(497,'Кукушкин','Кукушкина'),(498,'Калачев','Калачева'),(499,'Грибов','Грибова'),(500,'Елизаров','Елизарова'),(501,'Звягинцев','Звягинцева'),(502,'Корольков','Королькова'),(503,'Федосов','Федосова');
/*!40000 ALTER TABLE `rusSurnames` ENABLE KEYS */;
UNLOCK TABLES;

--
-- Table structure for table `rusWomanNames`
--

DROP TABLE IF EXISTS `rusWomanNames`;
/*!40101 SET @saved_cs_client     = @@character_set_client */;
/*!40101 SET character_set_client = utf8 */;
CREATE TABLE `rusWomanNames` (
  `Id` int(11) NOT NULL AUTO_INCREMENT,
  `wname` varchar(30) NOT NULL,
  PRIMARY KEY (`Id`),
  UNIQUE KEY `wname` (`wname`)
) ENGINE=InnoDB AUTO_INCREMENT=91 DEFAULT CHARSET=utf8;
/*!40101 SET character_set_client = @saved_cs_client */;

--
-- Dumping data for table `rusWomanNames`
--

LOCK TABLES `rusWomanNames` WRITE;
/*!40000 ALTER TABLE `rusWomanNames` DISABLE KEYS */;
INSERT INTO `rusWomanNames` VALUES (1,'Агафья'),(2,'Агриппина'),(3,'Акулина'),(4,'Алевтина'),(5,'Александра'),(6,'Алина'),(7,'Алла'),(8,'Анастасия'),(9,'Ангелина'),(10,'Анжела'),(11,'Анжелика'),(12,'Анна'),(13,'Антонина'),(14,'Валентина'),(15,'Валерия'),(16,'Варвара'),(17,'Василиса'),(18,'Вера'),(19,'Вероника'),(20,'Галина'),(21,'Глафира'),(22,'Дана'),(23,'Дарья'),(24,'Евгения'),(25,'Евдокия'),(26,'Евпраксия'),(27,'Евфросиния'),(28,'Екатерина'),(29,'Елена'),(30,'Елизавета'),(31,'Епистима'),(32,'Ермиония'),(33,'Жанна'),(34,'Зинаида'),(35,'Злата'),(36,'Зоя'),(37,'Инга'),(38,'Инесса'),(39,'Инна'),(40,'Иоанна'),(41,'Ираида'),(42,'Ирина'),(43,'Ия'),(44,'Карина'),(45,'Каролина'),(46,'Кира'),(47,'Клавдия'),(48,'Ксения'),(49,'Лада'),(50,'Лариса'),(51,'Лидия'),(52,'Лилия'),(53,'Любовь'),(54,'Людмила'),(55,'Маргарита'),(56,'Марина'),(57,'Мария'),(58,'Марфа'),(59,'Матрёна'),(60,'Мирослава'),(61,'Надежда'),(62,'Наталья'),(63,'Нина'),(64,'Нонна'),(65,'Оксана'),(66,'Октябрина'),(67,'Ольга'),(68,'Пелагея'),(69,'Пинна'),(70,'Полина'),(71,'Прасковья'),(72,'Рада'),(73,'Раиса'),(74,'Римма'),(75,'Светлана'),(76,'Серафима'),(77,'Снежана'),(78,'София'),(79,'Таисия'),(80,'Тамара'),(81,'Татьяна'),(82,'Ульяна'),(83,'Фаина'),(84,'Феврония'),(85,'Фёкла'),(86,'Феодора'),(87,'Целестина'),(88,'Юлия'),(89,'Яна'),(90,'Ярослава');
/*!40000 ALTER TABLE `rusWomanNames` ENABLE KEYS */;
UNLOCK TABLES;
/*!40103 SET TIME_ZONE=@OLD_TIME_ZONE */;

/*!40101 SET SQL_MODE=@OLD_SQL_MODE */;
/*!40014 SET FOREIGN_KEY_CHECKS=@OLD_FOREIGN_KEY_CHECKS */;
/*!40014 SET UNIQUE_CHECKS=@OLD_UNIQUE_CHECKS */;
/*!40101 SET CHARACTER_SET_CLIENT=@OLD_CHARACTER_SET_CLIENT */;
/*!40101 SET CHARACTER_SET_RESULTS=@OLD_CHARACTER_SET_RESULTS */;
/*!40101 SET COLLATION_CONNECTION=@OLD_COLLATION_CONNECTION */;
/*!40111 SET SQL_NOTES=@OLD_SQL_NOTES */;

-- Dump completed on 2019-02-22  5:04:57
